Mod,ID,Name,Class Name
(global),1,Item,net.minecraft.entity.item.EntityItem
(global),2,XPOrb,net.minecraft.entity.item.EntityXPOrb
(global),3,soundEntity,crazypants.enderio.item.darksteel.SoundEntity
(global),4,rangeEntity,crazypants.enderio.machine.ranged.RangeEntity
(global),5,witherSkeleton,crazypants.enderio.entity.EntityWitherSkeleton
(global),6,Blizz,cofh.thermalfoundation.entity.monster.EntityBlizz
(global),7,Blitz,cofh.thermalfoundation.entity.monster.EntityBlitz
(global),8,LeashKnot,net.minecraft.entity.EntityLeashKnot
(global),9,Painting,net.minecraft.entity.item.EntityPainting
(global),10,Arrow,net.minecraft.entity.projectile.EntityArrow
(global),11,Snowball,net.minecraft.entity.projectile.EntitySnowball
(global),12,Fireball,net.minecraft.entity.projectile.EntityLargeFireball
(global),13,SmallFireball,net.minecraft.entity.projectile.EntitySmallFireball
(global),14,ThrownEnderpearl,net.minecraft.entity.item.EntityEnderPearl
(global),15,EyeOfEnderSignal,net.minecraft.entity.item.EntityEnderEye
(global),16,ThrownPotion,net.minecraft.entity.projectile.EntityPotion
(global),17,ThrownExpBottle,net.minecraft.entity.item.EntityExpBottle
(global),18,ItemFrame,net.minecraft.entity.item.EntityItemFrame
(global),19,WitherSkull,net.minecraft.entity.projectile.EntityWitherSkull
(global),20,PrimedTnt,net.minecraft.entity.item.EntityTNTPrimed
(global),21,FallingSand,net.minecraft.entity.item.EntityFallingBlock
(global),22,FireworksRocketEntity,net.minecraft.entity.item.EntityFireworkRocket
(global),23,Basalz,cofh.thermalfoundation.entity.monster.EntityBasalz
(global),40,MinecartCommandBlock,mods.railcraft.common.carts.EntityCartCommand
(global),41,Boat,net.minecraft.entity.item.EntityBoat
(global),42,MinecartRideable,mods.railcraft.common.carts.EntityCartBasic
(global),43,MinecartChest,mods.railcraft.common.carts.EntityCartChest
(global),44,MinecartFurnace,mods.railcraft.common.carts.EntityCartFurnace
(global),45,MinecartTNT,mods.railcraft.common.carts.EntityCartTNT
(global),46,MinecartHopper,net.minecraft.entity.item.EntityMinecartHopper
(global),47,MinecartSpawner,net.minecraft.entity.ai.EntityMinecartMobSpawner
(global),48,Mob,net.minecraft.entity.EntityLiving
(global),49,Monster,net.minecraft.entity.monster.EntityMob
(global),50,Creeper,net.minecraft.entity.monster.EntityCreeper
(global),51,Skeleton,net.minecraft.entity.monster.EntitySkeleton
(global),52,Spider,net.minecraft.entity.monster.EntitySpider
(global),53,Giant,net.minecraft.entity.monster.EntityGiantZombie
(global),54,Zombie,net.minecraft.entity.monster.EntityZombie
(global),55,Slime,net.minecraft.entity.monster.EntitySlime
(global),56,Ghast,net.minecraft.entity.monster.EntityGhast
(global),57,PigZombie,net.minecraft.entity.monster.EntityPigZombie
(global),58,Enderman,net.minecraft.entity.monster.EntityEnderman
(global),59,CaveSpider,net.minecraft.entity.monster.EntityCaveSpider
(global),60,Silverfish,net.minecraft.entity.monster.EntitySilverfish
(global),61,Blaze,net.minecraft.entity.monster.EntityBlaze
(global),62,LavaSlime,net.minecraft.entity.monster.EntityMagmaCube
(global),63,EnderDragon,net.minecraft.entity.boss.EntityDragon
(global),64,WitherBoss,net.minecraft.entity.boss.EntityWither
(global),65,Bat,net.minecraft.entity.passive.EntityBat
(global),66,Witch,net.minecraft.entity.monster.EntityWitch
(global),90,Pig,net.minecraft.entity.passive.EntityPig
(global),91,Sheep,net.minecraft.entity.passive.EntitySheep
(global),92,Cow,net.minecraft.entity.passive.EntityCow
(global),93,Chicken,net.minecraft.entity.passive.EntityChicken
(global),94,Squid,net.minecraft.entity.passive.EntitySquid
(global),95,Wolf,net.minecraft.entity.passive.EntityWolf
(global),96,MushroomCow,net.minecraft.entity.passive.EntityMooshroom
(global),97,SnowMan,net.minecraft.entity.monster.EntitySnowman
(global),98,Ozelot,net.minecraft.entity.passive.EntityOcelot
(global),99,VillagerGolem,net.minecraft.entity.monster.EntityIronGolem
(global),100,EntityHorse,net.minecraft.entity.passive.EntityHorse
(global),120,Villager,net.minecraft.entity.passive.EntityVillager
(global),200,EnderCrystal,net.minecraft.entity.item.EntityEnderCrystal
(global),301,BiomesOPlenty.JungleSpider,biomesoplenty.common.entities.EntityJungleSpider
(global),302,BiomesOPlenty.Rosester,biomesoplenty.common.entities.EntityRosester
(global),303,BiomesOPlenty.Glob,biomesoplenty.common.entities.EntityGlob
(global),304,BiomesOPlenty.Phantom,biomesoplenty.common.entities.EntityPhantom
(global),305,BiomesOPlenty.Wasp,biomesoplenty.common.entities.EntityWasp
(global),306,BiomesOPlenty.Bird,biomesoplenty.common.entities.EntityBird
(global),307,BiomesOPlenty.Pixie,biomesoplenty.common.entities.EntityPixie
(global),308,EMT.archer,emt.entity.EntityArcher
(global),2500,DRPGEnderWatcher,net.divinerpg.entities.vanilla.EntityEnderWatcher
(global),2501,DRPGCrab,net.divinerpg.entities.vanilla.EntityCrab
(global),2502,DRPGUndeadMiner,net.divinerpg.entities.vanilla.EntityMiner
(global),2503,DRPGKingCrab,net.divinerpg.entities.vanilla.EntityKingCrab
(global),2504,DRPGDesertCrawler,net.divinerpg.entities.vanilla.EntityDesertCrawler
(global),2505,DRPGCaveCrawler,net.divinerpg.entities.vanilla.EntityCaveCrawler
(global),2506,DRPGJungleDramcryx,net.divinerpg.entities.vanilla.EntityJungleDramcryx
(global),2507,DRPGJungleSpider,net.divinerpg.entities.vanilla.EntityJungleSpider
(global),2508,DRPGCyclops,net.divinerpg.entities.vanilla.EntityCyclops
(global),2509,DRPGCaveclops,net.divinerpg.entities.vanilla.EntityCaveclops
(global),2510,DRPGAncientEntity,net.divinerpg.entities.vanilla.EntityAncientEntity
(global),2511,DRPGWhale,net.divinerpg.entities.vanilla.EntityWhale
(global),2512,DRPGHellSpider,net.divinerpg.entities.vanilla.EntityHellSpider
(global),2513,DRPGScorcher,net.divinerpg.entities.vanilla.EntityScorcher
(global),2514,DRPGEnderSpider,net.divinerpg.entities.vanilla.EntityEnderSpider
(global),2515,DRPGEnderTriplets,net.divinerpg.entities.vanilla.EntityEnderTriplets
(global),2516,DRPGAridWarrior,net.divinerpg.entities.vanilla.EntityAridWarrior
(global),2517,DRPGAyeracoBlue,net.divinerpg.entities.vanilla.EntityAyeracoBlue
(global),2518,DRPGAyeracoGreen,net.divinerpg.entities.vanilla.EntityAyeracoGreen
(global),2519,DRPGAyeracoPurple,net.divinerpg.entities.vanilla.EntityAyeracoPurple
(global),2520,DRPGAyeracoRed,net.divinerpg.entities.vanilla.EntityAyeracoRed
(global),2521,DRPGAyeracoYellow,net.divinerpg.entities.vanilla.EntityAyeracoYellow
(global),2522,DRPGEnthralledDramcryx,net.divinerpg.entities.vanilla.EntityEnthralledDramcryx
(global),2523,DRPGTheEye,net.divinerpg.entities.vanilla.EntityTheEye
(global),2524,DRPGFrost,net.divinerpg.entities.vanilla.EntityFrost
(global),2525,DRPGKingOfScorchers,net.divinerpg.entities.vanilla.EntityKingOfScorchers
(global),2526,DRPGRainbour,net.divinerpg.entities.vanilla.EntityRainbour
(global),2527,DRPGRotatick,net.divinerpg.entities.vanilla.EntityRotatick
(global),2528,DRPGShark,net.divinerpg.entities.vanilla.EntityShark
(global),2529,DRPGTheWatcher,net.divinerpg.entities.vanilla.EntityTheWatcher
(global),2530,DRPGWildfire,net.divinerpg.entities.vanilla.EntityWildfire
(global),2531,DRPGGlacon,net.divinerpg.entities.vanilla.EntityGlacon
(global),2532,DRPGJackOMan,net.divinerpg.entities.vanilla.EntityJackOMan
(global),2533,DRPGLivestockMerchant,net.divinerpg.entities.vanilla.EntityLivestockMerchant
(global),2534,DRPGJungleBat,net.divinerpg.entities.vanilla.EntityJungleBat
(global),2535,DRPGHellPig,net.divinerpg.entities.vanilla.EntityHellPig
(global),2536,DRPGKobblin,net.divinerpg.entities.vanilla.EntityKobblin
(global),2537,DRPGTheGrue,net.divinerpg.entities.vanilla.EntityTheGrue
(global),2538,DRPGSaguaroWorm,net.divinerpg.entities.vanilla.EntitySaguaroWorm
(global),2539,DRPGPumpkinSpider,net.divinerpg.entities.vanilla.EntityPumpkinSpider
(global),2540,DRPGLiopleurodon,net.divinerpg.entities.vanilla.EntityLiopleurodon
(global),2541,DRPGEhu,net.divinerpg.entities.vanilla.EntityEhu
(global),2542,DRPGHusk,net.divinerpg.entities.vanilla.EntityHusk
(global),2543,DRPGStoneGolem,net.divinerpg.entities.vanilla.EntityStoneGolem
(global),2544,DRPGSmelter,net.divinerpg.entities.vanilla.EntitySmelter
(global),2545,DRPGGrizzle,net.divinerpg.entities.vanilla.EntityGrizzle
(global),2546,DRPGSnapper,net.divinerpg.entities.vanilla.EntitySnapper
(global),2547,DRPGEdenCadillion,net.divinerpg.entities.twilight.EntityEdenCadillion
(global),2548,DRPGEdenTomo,net.divinerpg.entities.twilight.EntityEdenTomo
(global),2549,DRPGBunny,net.divinerpg.entities.twilight.EntityBunny
(global),2550,DRPGAngryBunny,net.divinerpg.entities.twilight.EntityAngryBunny
(global),2551,DRPGWeakCori,net.divinerpg.entities.twilight.EntityEdenCori
(global),2552,DRPGMadivel,net.divinerpg.entities.twilight.EntityMadivel
(global),2553,DRPGGreenfeet,net.divinerpg.entities.twilight.EntityGreenfeet
(global),2554,DRPGSunArcher,net.divinerpg.entities.twilight.EntitySunArcher
(global),2555,DRPGWildwoodGolem,net.divinerpg.entities.twilight.EntityWildwoodGolem
(global),2556,DRPGWildwoodTomo,net.divinerpg.entities.twilight.EntityWildwoodTomo
(global),2557,DRPGWildwoodCadillion,net.divinerpg.entities.twilight.EntityWildwoodCadillion
(global),2558,DRPGEpiphite,net.divinerpg.entities.twilight.EntityEpiphite
(global),2559,DRPGBehemoth,net.divinerpg.entities.twilight.EntityBehemoth
(global),2560,DRPGMage,net.divinerpg.entities.twilight.EntityMage
(global),2561,DRPGSpellbinder,net.divinerpg.entities.twilight.EntitySpellbinder
(global),2562,DRPGMystic,net.divinerpg.entities.twilight.EntityMystic
(global),2563,DRPGSorcerer,net.divinerpg.entities.twilight.EntitySorcerer
(global),2564,DRPGVerek,net.divinerpg.entities.twilight.EntityVerek
(global),2565,DRPGMoonWolf,net.divinerpg.entities.twilight.EntityMoonWolf
(global),2566,DRPGApalachiaCadillion,net.divinerpg.entities.twilight.EntityApalachiaCadillion
(global),2567,DRPGApalachiaTomo,net.divinerpg.entities.twilight.EntityApalachiaTomo
(global),2568,DRPGApalachiaGolem,net.divinerpg.entities.twilight.EntityApalachiaGolem
(global),2569,DRPGEnchantedWarrior,net.divinerpg.entities.twilight.EntityApalachiaWarrior
(global),2570,DRPGSkythernArcher,net.divinerpg.entities.twilight.EntitySkythernArcher
(global),2571,DRPGEnchantedArcher,net.divinerpg.entities.twilight.EntityApalachiaArcher
(global),2572,DRPGTwilightArcher,net.divinerpg.entities.twilight.EntityTwilightArcher
(global),2573,DRPGSamek,net.divinerpg.entities.twilight.EntitySamek
(global),2574,DRPGSkythernGolem,net.divinerpg.entities.twilight.EntitySkythernGolem
(global),2575,DRPGSkythernCori,net.divinerpg.entities.twilight.EntitySkythernCori
(global),2576,DRPGSkythernFiend,net.divinerpg.entities.twilight.EntitySkythernFiend
(global),2577,DRPGMegalith,net.divinerpg.entities.twilight.EntityMegalith
(global),2578,DRPGMortumCadillion,net.divinerpg.entities.twilight.EntityMortumCadillion
(global),2579,DRPGDemonOfDarkness,net.divinerpg.entities.twilight.EntityMortumDemon
(global),2580,DRPGBaslisk,net.divinerpg.entities.twilight.EntityBaslisk
(global),2581,DRPGSoulStealer,net.divinerpg.entities.twilight.EntitySoulStealer
(global),2582,DRPGDensos,net.divinerpg.entities.twilight.EntityDensos
(global),2583,DRPGReyvor,net.divinerpg.entities.twilight.EntityReyvor
(global),2584,DRPGTwilightDemon,net.divinerpg.entities.twilight.EntityTwilightDemon
(global),2585,DRPGSoulFiend,net.divinerpg.entities.twilight.EntitySoulFiend
(global),2586,DRPGVamacheron,net.divinerpg.entities.twilight.EntityVamacheron
(global),2587,DRPGKarot,net.divinerpg.entities.twilight.EntityKarot
(global),2588,DRPGEternalArcher,net.divinerpg.entities.twilight.EntityEternalArcher
(global),2589,DRPGSoulSpider,net.divinerpg.entities.twilight.EntitySoulSpider
(global),2590,DRPGAlicanto,net.divinerpg.entities.iceika.EntityAlicanto
(global),2591,DRPGFractite,net.divinerpg.entities.iceika.EntityFractite
(global),2592,DRPGGlacide,net.divinerpg.entities.iceika.EntityGlacide
(global),2593,DRPGHastreus,net.divinerpg.entities.iceika.EntityHastreus
(global),2594,DRPGFrostArcher,net.divinerpg.entities.iceika.EntityFrostArcher
(global),2595,DRPGRollum,net.divinerpg.entities.iceika.EntityRollum
(global),2596,DRPGFrosty,net.divinerpg.entities.iceika.EntityFrosty
(global),2597,DRPGWorkshopTinkerer,net.divinerpg.entities.iceika.EntityWorkshopTinkerer
(global),2598,DRPGWorkshopMerchant,net.divinerpg.entities.iceika.EntityWorkshopMerchant
(global),2599,DRPGVermenous,net.divinerpg.entities.vethea.EntityVermenous
(global),2600,DRPGEnt,net.divinerpg.entities.vethea.EntityEnt
(global),2601,DRPGCymesoid,net.divinerpg.entities.vethea.EntityCymesoid
(global),2602,DRPGDreamwrecker,net.divinerpg.entities.vethea.EntityDreamwrecker
(global),2603,DRPGTocaxin,net.divinerpg.entities.vethea.EntityTocaxin
(global),2604,DRPGShadahier,net.divinerpg.entities.vethea.EntityShadahier
(global),2605,DRPGAcidHag,net.divinerpg.entities.vethea.EntityAcidHag
(global),2606,DRPGKazrotic,net.divinerpg.entities.vethea.EntityKazrotic
(global),2607,DRPGHelio,net.divinerpg.entities.vethea.EntityHelio
(global),2608,DRPGGorgosion,net.divinerpg.entities.vethea.EntityGorgosion
(global),2609,DRPGHoverstinger,net.divinerpg.entities.vethea.EntityHoverStinger
(global),2610,DRPGZone,net.divinerpg.entities.vethea.EntityZone
(global),2611,DRPGZoragon,net.divinerpg.entities.vethea.EntityZoragon
(global),2612,DRPGDissiment,net.divinerpg.entities.vethea.EntityDissiment
(global),2613,DRPGVhraak,net.divinerpg.entities.vethea.EntityVhraak
(global),2614,DRPGGalroid,net.divinerpg.entities.vethea.EntityGalroid
(global),2615,DRPGLadyLuna,net.divinerpg.entities.vethea.EntityLadyLuna
(global),2616,DRPGBohemite,net.divinerpg.entities.vethea.EntityBohemite
(global),2617,DRPGWreck,net.divinerpg.entities.vethea.EntityWreck
(global),2618,DRPGBiphron,net.divinerpg.entities.vethea.EntityBiphron
(global),2619,DRPGHiveQueen,net.divinerpg.entities.vethea.EntityHiveQueen
(global),2620,DRPGHiveSoldier,net.divinerpg.entities.vethea.EntityHiveSoldier
(global),2621,DRPGLHeiva,net.divinerpg.entities.vethea.EntityLheiva
(global),2622,DRPGMandragora,net.divinerpg.entities.vethea.EntityMandragora
(global),2623,DRPGTwins,net.divinerpg.entities.vethea.EntityTwins
(global),2624,DRPGKaros,net.divinerpg.entities.vethea.EntityKaros
(global),2625,DRPGRaglok,net.divinerpg.entities.vethea.EntityRaglok
(global),2626,DRPGQuadro,net.divinerpg.entities.vethea.EntityQuadro
(global),2627,DRPGDuo,net.divinerpg.entities.vethea.EntityDuo
(global),2628,DRPGLorga,net.divinerpg.entities.vethea.EntityLorga
(global),2629,DRPGLorgaFlight,net.divinerpg.entities.vethea.EntityLorgaFlight
(global),2630,DRPGMysteriousMan1,net.divinerpg.entities.vethea.EntityMysteriousManLayer1
(global),2631,DRPGMysteriousMan2,net.divinerpg.entities.vethea.EntityMysteriousManLayer2
(global),2632,DRPGMysteriousMan3,net.divinerpg.entities.vethea.EntityMysteriousManLayer3
(global),2633,DRPGTheHunger,net.divinerpg.entities.vethea.EntityTheHunger
(global),2634,DRPGCryptKeeper,net.divinerpg.entities.vethea.EntityCryptKeeper
(global),2635,DRPGTempleGuardian,net.divinerpg.entities.vethea.EntityTempleGuardian
(global),2636,DRPGCaptainMerik,net.divinerpg.entities.arcana.EntityCaptianMerik
(global),2637,DRPGDungeonConstructor,net.divinerpg.entities.arcana.EntityConstructor
(global),2638,DRPGDatticon,net.divinerpg.entities.arcana.EntityDatticon
(global),2639,DRPGWarGeneral,net.divinerpg.entities.arcana.EntityWarGeneral
(global),2640,DRPGDeathcryx,net.divinerpg.entities.arcana.EntityDeathcryx
(global),2641,DRPGDeathHound,net.divinerpg.entities.arcana.EntityDeathHound
(global),2642,DRPGDramix,net.divinerpg.entities.arcana.EntityDramix
(global),2643,DRPGDungeonPrisoner,net.divinerpg.entities.arcana.EntityDungeonPrisoner
(global),2644,DRPGDungeonDemon,net.divinerpg.entities.arcana.EntityDungeonDemon
(global),2645,DRPGLeorna,net.divinerpg.entities.arcana.EntityLeorna
(global),2646,DRPGLivingStatue,net.divinerpg.entities.arcana.EntityLivingStatue
(global),2647,DRPGParasecta,net.divinerpg.entities.arcana.EntityParasecta
(global),2648,DRPGRazorback,net.divinerpg.entities.arcana.EntityRazorback
(global),2649,DRPGLordVatticus,net.divinerpg.entities.arcana.EntityVatticus
(global),2650,DRPGZelus,net.divinerpg.entities.arcana.EntityZelus
(global),2651,DRPGRoamer,net.divinerpg.entities.arcana.EntityRoamer
(global),2652,DRPGSeimer,net.divinerpg.entities.arcana.EntitySeimer
(global),2653,DRPGParatiku,net.divinerpg.entities.arcana.EntityParatiku
(global),2654,DRPGWraith,net.divinerpg.entities.arcana.EntityWraith
(global),2655,DRPGFyracryx,net.divinerpg.entities.arcana.EntityFyracryx
(global),2656,DRPGGolemOfRejuv,net.divinerpg.entities.arcana.EntityGolemOfRejuv
(global),6396,witchery.demon,com.emoniph.witchery.entity.EntityDemon
(global),6397,witchery.mandrake,com.emoniph.witchery.entity.EntityMandrake
(global),6398,witchery.treefyd,com.emoniph.witchery.entity.EntityTreefyd
(global),6399,witchery.hornedHuntsman,com.emoniph.witchery.entity.EntityHornedHuntsman
(global),6400,witchery.ent,com.emoniph.witchery.entity.EntityEnt
(global),6401,witchery.owl,com.emoniph.witchery.entity.EntityOwl
(global),6402,witchery.toad,com.emoniph.witchery.entity.EntityToad
(global),6403,witchery.babayaga,com.emoniph.witchery.entity.EntityBabaYaga
(global),6404,witchery.covenwitch,com.emoniph.witchery.entity.EntityCovenWitch
(global),6405,witchery.nightmare,com.emoniph.witchery.entity.EntityNightmare
(global),6406,witchery.spectre,com.emoniph.witchery.entity.EntitySpectre
(global),6407,witchery.poltergeist,com.emoniph.witchery.entity.EntityPoltergeist
(global),6408,witchery.banshee,com.emoniph.witchery.entity.EntityBanshee
(global),6409,witchery.spirit,com.emoniph.witchery.entity.EntitySpirit
(global),6410,witchery.death,com.emoniph.witchery.entity.EntityDeath
(global),6411,witchery.witchhunter,com.emoniph.witchery.entity.EntityWitchHunter
(global),6412,witchery.lordoftorment,com.emoniph.witchery.entity.EntityLordOfTorment
(global),6413,witchery.imp,com.emoniph.witchery.entity.EntityImp
(global),6414,witchery.mindrake,com.emoniph.witchery.entity.EntityMindrake
(global),6415,witchery.goblin,com.emoniph.witchery.entity.EntityGoblin
(global),6416,witchery.goblinmog,com.emoniph.witchery.entity.EntityGoblinMog
(global),6417,witchery.goblingulg,com.emoniph.witchery.entity.EntityGoblinGulg
(global),6418,witchery.leonard,com.emoniph.witchery.entity.EntityLeonard
(global),6419,witchery.lostsoul,com.emoniph.witchery.entity.EntityLostSoul
(global),6420,witchery.wolfman,com.emoniph.witchery.entity.EntityWolfman
(global),6421,witchery.hellhound,com.emoniph.witchery.entity.EntityHellhound
(global),6422,witchery.werevillager,com.emoniph.witchery.entity.EntityVillagerWere
(global),6423,witchery.villageguard,com.emoniph.witchery.entity.EntityVillageGuard
(global),6424,witchery.vampire,com.emoniph.witchery.entity.EntityVampire
(global),6425,witchery.lilith,com.emoniph.witchery.entity.EntityLilith
(global),6426,witchery.wingedmonkey,com.emoniph.witchery.entity.EntityWingedMonkey
(global),6427,witchery.reflection,com.emoniph.witchery.entity.EntityReflection
AWWayofTime,0,AWWayofTime.energyBlastProjectile,WayofTime.alchemicalWizardry.common.entity.projectile.EnergyBlastProjectile
AWWayofTime,1,AWWayofTime.fireProjectile,WayofTime.alchemicalWizardry.common.entity.projectile.FireProjectile
AWWayofTime,2,AWWayofTime.iceProjectile,WayofTime.alchemicalWizardry.common.entity.projectile.IceProjectile
AWWayofTime,3,AWWayofTime.explosionProjectile,WayofTime.alchemicalWizardry.common.entity.projectile.ExplosionProjectile
AWWayofTime,4,AWWayofTime.holyProjectile,WayofTime.alchemicalWizardry.common.entity.projectile.HolyProjectile
AWWayofTime,5,AWWayofTime.windGustProjectile,WayofTime.alchemicalWizardry.common.entity.projectile.WindGustProjectile
AWWayofTime,6,AWWayofTime.lightningBoltProjectile,WayofTime.alchemicalWizardry.common.entity.projectile.LightningBoltProjectile
AWWayofTime,7,AWWayofTime.waterProjectile,WayofTime.alchemicalWizardry.common.entity.projectile.WaterProjectile
AWWayofTime,8,AWWayofTime.mudProjectile,WayofTime.alchemicalWizardry.common.entity.projectile.MudProjectile
AWWayofTime,9,AWWayofTime.teleportProjectile,WayofTime.alchemicalWizardry.common.entity.projectile.TeleportProjectile
AWWayofTime,10,AWWayofTime.energyBazookaMain,WayofTime.alchemicalWizardry.common.entity.projectile.EntityEnergyBazookaMainProjectile
AWWayofTime,11,AWWayofTime.energyBazookaSecondary,WayofTime.alchemicalWizardry.common.entity.projectile.EntityEnergyBazookaSecondaryProjectile
AWWayofTime,12,AWWayofTime.bloodLightProjectile,WayofTime.alchemicalWizardry.common.entity.projectile.EntityBloodLightProjectile
AWWayofTime,13,AWWayofTime.meteor,WayofTime.alchemicalWizardry.common.entity.projectile.EntityMeteor
AWWayofTime,14,AWWayofTime.spellProjectile,WayofTime.alchemicalWizardry.api.spell.EntitySpellProjectile
AWWayofTime,15,AWWayofTime.particleBeam,WayofTime.alchemicalWizardry.common.entity.projectile.EntityParticleBeam
AWWayofTime,16,AWWayofTime.catalogueEntityItem,WayofTime.alchemicalWizardry.common.entity.mob.MailOrderEntityItem
AWWayofTime,17,AWWayofTime.bookEntityItem,WayofTime.alchemicalWizardry.common.entity.mob.BookEntityItem
AWWayofTime,20,AWWayofTime.FallenAngel,WayofTime.alchemicalWizardry.common.entity.mob.EntityFallenAngel
AWWayofTime,21,AWWayofTime.LowerGuardian,WayofTime.alchemicalWizardry.common.entity.mob.EntityLowerGuardian
AWWayofTime,22,AWWayofTime.BileDemon,WayofTime.alchemicalWizardry.common.entity.mob.EntityBileDemon
AWWayofTime,23,AWWayofTime.WingedFireDemon,WayofTime.alchemicalWizardry.common.entity.mob.EntityWingedFireDemon
AWWayofTime,24,AWWayofTime.SmallEarthGolem,WayofTime.alchemicalWizardry.common.entity.mob.EntitySmallEarthGolem
AWWayofTime,25,AWWayofTime.IceDemon,WayofTime.alchemicalWizardry.common.entity.mob.EntityIceDemon
AWWayofTime,26,AWWayofTime.BoulderFist,WayofTime.alchemicalWizardry.common.entity.mob.EntityBoulderFist
AWWayofTime,27,AWWayofTime.Shade,WayofTime.alchemicalWizardry.common.entity.mob.EntityShade
AWWayofTime,28,AWWayofTime.AirElemental,WayofTime.alchemicalWizardry.common.entity.mob.EntityAirElemental
AWWayofTime,29,AWWayofTime.WaterElemental,WayofTime.alchemicalWizardry.common.entity.mob.EntityWaterElemental
AWWayofTime,30,AWWayofTime.EarthElemental,WayofTime.alchemicalWizardry.common.entity.mob.EntityEarthElemental
AWWayofTime,31,AWWayofTime.FireElemental,WayofTime.alchemicalWizardry.common.entity.mob.EntityFireElemental
AWWayofTime,32,AWWayofTime.ShadeElemental,WayofTime.alchemicalWizardry.common.entity.mob.EntityShadeElemental
AWWayofTime,33,AWWayofTime.HolyElemental,WayofTime.alchemicalWizardry.common.entity.mob.EntityHolyElemental
AWWayofTime,34,AWWayofTime.MinorDemonGrunt,WayofTime.alchemicalWizardry.common.demonVillage.demonHoard.demon.EntityMinorDemonGrunt
AWWayofTime,35,AWWayofTime.MinorDemonGruntFire,WayofTime.alchemicalWizardry.common.demonVillage.demonHoard.demon.EntityMinorDemonGruntFire
AWWayofTime,36,AWWayofTime.MinorDemonGruntWind,WayofTime.alchemicalWizardry.common.demonVillage.demonHoard.demon.EntityMinorDemonGruntWind
AWWayofTime,37,AWWayofTime.MinorDemonGruntIce,WayofTime.alchemicalWizardry.common.demonVillage.demonHoard.demon.EntityMinorDemonGruntIce
AWWayofTime,38,AWWayofTime.MinorDemonGruntEarth,WayofTime.alchemicalWizardry.common.demonVillage.demonHoard.demon.EntityMinorDemonGruntEarth
AWWayofTime,39,AWWayofTime.MinorDemonGruntGuardian,WayofTime.alchemicalWizardry.common.demonVillage.demonHoard.demon.EntityMinorDemonGruntGuardian
AWWayofTime,40,AWWayofTime.MinorDemonGruntGuardianFire,WayofTime.alchemicalWizardry.common.demonVillage.demonHoard.demon.EntityMinorDemonGruntGuardianFire
AWWayofTime,41,AWWayofTime.MinorDemonGruntGuardianWind,WayofTime.alchemicalWizardry.common.demonVillage.demonHoard.demon.EntityMinorDemonGruntGuardianWind
AWWayofTime,42,AWWayofTime.MinorDemonGruntGuardianIce,WayofTime.alchemicalWizardry.common.demonVillage.demonHoard.demon.EntityMinorDemonGruntGuardianIce
AWWayofTime,43,AWWayofTime.MinorDemonGruntGuardianEarth,WayofTime.alchemicalWizardry.common.demonVillage.demonHoard.demon.EntityMinorDemonGruntGuardianEarth
Automagy,0,Automagy.AvaricePearl,tuhljin.automagy.entities.EntityAvaricePearl
Automagy,1,Automagy.XPOrbSuppressed,tuhljin.automagy.entities.EntityXPOrbSuppressFollow
Automagy,2,Automagy.EntityItemDelayedFall,tuhljin.automagy.entities.EntityItemDelayedFall
Automagy,3,Automagy.WispNether,tuhljin.automagy.entities.EntityWispNether
Avaritia,1,Avaritia.EndestPearl,fox.spiteful.avaritia.entity.EntityEndestPearl
Avaritia,2,Avaritia.GapingVoid,fox.spiteful.avaritia.entity.EntityGapingVoid
Avaritia,3,Avaritia.HeavenArrow,fox.spiteful.avaritia.entity.EntityHeavenArrow
Avaritia,4,Avaritia.HeavenSubArrow,fox.spiteful.avaritia.entity.EntityHeavenSubArrow
BiblioCraft,0,BiblioCraft.SeatEntity,jds.bibliocraft.entity.EntitySeat
BiomesOPlenty,0,BiomesOPlenty.dart,biomesoplenty.common.entities.projectiles.EntityDart
BiomesOPlenty,1,BiomesOPlenty.mudball,biomesoplenty.common.entities.projectiles.EntityMudball
BiomesOPlenty,2,BiomesOPlenty.JungleSpider,biomesoplenty.common.entities.EntityJungleSpider
BiomesOPlenty,3,BiomesOPlenty.Rosester,biomesoplenty.common.entities.EntityRosester
BiomesOPlenty,4,BiomesOPlenty.Glob,biomesoplenty.common.entities.EntityGlob
BiomesOPlenty,5,BiomesOPlenty.Phantom,biomesoplenty.common.entities.EntityPhantom
BiomesOPlenty,6,BiomesOPlenty.Wasp,biomesoplenty.common.entities.EntityWasp
BiomesOPlenty,7,BiomesOPlenty.Bird,biomesoplenty.common.entities.EntityBird
BiomesOPlenty,8,BiomesOPlenty.Pixie,biomesoplenty.common.entities.EntityPixie
Botania,0,Botania.botania:manaBurst,vazkii.botania.common.entity.EntityManaBurst
Botania,1,Botania.botania:signalFlare,vazkii.botania.common.entity.EntitySignalFlare
Botania,2,Botania.botania:pixie,vazkii.botania.common.entity.EntityPixie
Botania,3,Botania.botania:flameRing,vazkii.botania.common.entity.EntityFlameRing
Botania,4,Botania.botania:vineBall,vazkii.botania.common.entity.EntityVineBall
Botania,5,Botania.botania:doppleganger,vazkii.botania.common.entity.EntityDoppleganger
Botania,6,Botania.botania:magicLandmine,vazkii.botania.common.entity.EntityMagicLandmine
Botania,7,Botania.botania:spark,vazkii.botania.common.entity.EntitySpark
Botania,8,Botania.botania:thrownItem,vazkii.botania.common.entity.EntityThrownItem
Botania,9,Botania.botania:magicMissile,vazkii.botania.common.entity.EntityMagicMissile
Botania,10,Botania.botania:thornChakram,vazkii.botania.common.entity.EntityThornChakram
Botania,11,Botania.botania:corporeaSpark,vazkii.botania.common.entity.EntityCorporeaSpark
Botania,12,Botania.botania:enderAirBottle,vazkii.botania.common.entity.EntityEnderAirBottle
Botania,13,Botania.botania:poolMinecart,vazkii.botania.common.entity.EntityPoolMinecart
Botania,14,Botania.botania:pinkWither,vazkii.botania.common.entity.EntityPinkWither
Botania,15,Botania.botania:playerMover,vazkii.botania.common.block.tile.TileLightRelay$EntityPlayerMover
Botania,16,Botania.botania:manaStorm,vazkii.botania.common.entity.EntityManaStorm
Botania,17,Botania.botania:babylonWeapon,vazkii.botania.common.entity.EntityBabylonWeapon
Botania,18,Botania.botania:fallingStar,vazkii.botania.common.entity.EntityFallingStar
BuildCraft|Robotics,10,BuildCraft|Robotics.bcRobot,buildcraft.robotics.EntityRobot
BuildCraft|Silicon,11,BuildCraft|Silicon.bcPackageThrowable,buildcraft.silicon.EntityPackage
CarpentersBlocks,0,CarpentersBlocks.CarpentersTile,com.carpentersblocks.entity.item.EntityCarpentersTile
DraconicEvolution,0,DraconicEvolution.EnderDragon,com.brandon3055.draconicevolution.common.entity.EntityCustomDragon
DraconicEvolution,1,DraconicEvolution.Persistent Item,com.brandon3055.draconicevolution.common.entity.EntityPersistentItem
DraconicEvolution,2,DraconicEvolution.Arrow,com.brandon3055.draconicevolution.common.entity.EntityDraconicArrow
DraconicEvolution,3,DraconicEvolution.Ender Arrow,com.brandon3055.draconicevolution.common.entity.EntityEnderArrow
DraconicEvolution,5,DraconicEvolution.Dragon Heart Item,com.brandon3055.draconicevolution.common.entity.EntityDragonHeart
DraconicEvolution,6,DraconicEvolution.ChaosGuardian,com.brandon3055.draconicevolution.common.entity.EntityChaosGuardian
DraconicEvolution,7,DraconicEvolution.DragonProjectile,com.brandon3055.draconicevolution.common.entity.EntityDragonProjectile
DraconicEvolution,8,DraconicEvolution.ChaosCrystal,com.brandon3055.draconicevolution.common.entity.EntityChaosCrystal
DraconicEvolution,9,DraconicEvolution.ChaosBolt,com.brandon3055.draconicevolution.common.entity.EntityChaosBolt
DraconicEvolution,10,DraconicEvolution.EntityChaosEnergyVortex,com.brandon3055.draconicevolution.common.entity.EntityChaosVortex
DraconicEvolution,11,DraconicEvolution.CustomArrow,com.brandon3055.draconicevolution.common.entity.EntityCustomArrow
EMT,0,EMT.laser,emt.entity.EntityLaser
EMT,1,EMT.archer,emt.entity.EntityArcher
EMT,2,EMT.shield,emt.entity.EntityShield
EMT,3,EMT.energyBall,emt.entity.EntityEnergyBall
EnderIO,3,EnderIO.soundEntity,crazypants.enderio.item.darksteel.SoundEntity
EnderIO,4,EnderIO.rangeEntity,crazypants.enderio.machine.ranged.RangeEntity
EnderIO,5,EnderIO.witherSkeleton,crazypants.enderio.entity.EntityWitherSkeleton
EnderIO,33,EnderIO.weather_rocket,crazypants.enderio.machine.obelisk.weather.EntityWeatherRocket
Forestry,0,Forestry.butterflyGE,forestry.lepidopterology.entities.EntityButterfly
Forestry,1,Forestry.cart.beehouse,forestry.apiculture.entities.EntityMinecartBeehouse
Forestry,2,Forestry.cart.apiary,forestry.apiculture.entities.EntityMinecartApiary
GraviSuite,5,GraviSuite.PlasmaBall,gravisuite.EntityPlasmaBall
IC2,0,IC2.MiningLaser,ic2.core.item.tool.EntityMiningLaser
IC2,1,IC2.Dynamite,ic2.core.block.EntityDynamite
IC2,2,IC2.StickyDynamite,ic2.core.block.EntityStickyDynamite
IC2,3,IC2.Itnt,ic2.core.block.EntityItnt
IC2,4,IC2.Nuke,ic2.core.block.EntityNuke
IC2,5,IC2.BoatCarbon,ic2.core.item.EntityBoatCarbon
IC2,6,IC2.BoatRubber,ic2.core.item.EntityBoatRubber
IC2,7,IC2.BoatElectric,ic2.core.item.EntityBoatElectric
IC2,8,IC2.Particle,ic2.core.item.tool.EntityParticle
ImmersiveEngineering,0,ImmersiveEngineering.revolverShot,blusunrize.immersiveengineering.common.entities.EntityRevolvershot
ImmersiveEngineering,1,ImmersiveEngineering.skylineHook,blusunrize.immersiveengineering.common.entities.EntitySkylineHook
ImmersiveEngineering,2,ImmersiveEngineering.skylineCrate,blusunrize.immersiveengineering.common.entities.EntitySkycrate
ImmersiveEngineering,3,ImmersiveEngineering.revolverShotHoming,blusunrize.immersiveengineering.common.entities.EntityRevolvershotHoming
ImmersiveEngineering,4,ImmersiveEngineering.revolverShotWolfpack,blusunrize.immersiveengineering.common.entities.EntityWolfpackShot
ImmersiveEngineering,5,ImmersiveEngineering.chemthrowerShot,blusunrize.immersiveengineering.common.entities.EntityChemthrowerShot
ImmersiveEngineering,6,ImmersiveEngineering.railgunShot,blusunrize.immersiveengineering.common.entities.EntityRailgunShot
MineFactoryReloaded,0,MineFactoryReloaded.SafariNet,powercrystals.minefactoryreloaded.entity.EntitySafariNet
MineFactoryReloaded,1,MineFactoryReloaded.mfrEntityPinkSlime,powercrystals.minefactoryreloaded.entity.EntityPinkSlime
MineFactoryReloaded,2,MineFactoryReloaded.Needle,powercrystals.minefactoryreloaded.entity.EntityNeedle
MineFactoryReloaded,3,MineFactoryReloaded.Rocket,powercrystals.minefactoryreloaded.entity.EntityRocket
MineFactoryReloaded,4,MineFactoryReloaded.FishingRod,powercrystals.minefactoryreloaded.entity.EntityFishingRod
MineFactoryReloaded,5,MineFactoryReloaded.Item,powercrystals.minefactoryreloaded.entity.EntityFlyingItem
MineFactoryReloaded,99,MineFactoryReloaded.DebugTracker,powercrystals.minefactoryreloaded.entity.DebugTracker
OpenBlocks,701,OpenBlocks.Hang Glider,openblocks.common.entity.EntityHangGlider
OpenBlocks,702,OpenBlocks.Luggage,openblocks.common.entity.EntityLuggage
OpenBlocks,703,OpenBlocks.Magnet,openblocks.common.entity.EntityMagnet
OpenBlocks,704,OpenBlocks.MountedBlock,openblocks.common.entity.EntityMountedBlock
OpenBlocks,705,OpenBlocks.Cartographer,openblocks.common.entity.EntityCartographer
OpenBlocks,706,OpenBlocks.EntityItemProjectile,openblocks.common.entity.EntityItemProjectile
OpenBlocks,707,OpenBlocks.GoldenEye,openblocks.common.entity.EntityGoldenEye
OpenBlocks,708,OpenBlocks.Player-Magnet,openblocks.common.entity.EntityMagnet$PlayerBound
OpenBlocks,709,OpenBlocks.XPOrbNoFly,openblocks.common.entity.EntityXPOrbNoFly
OpenBlocks,710,OpenBlocks.MiniMe,openblocks.common.entity.EntityMiniMe
OpenMods,804,OpenMods.Block,openmods.entity.EntityBlock
Railcraft,1,Railcraft.cart.basic,mods.railcraft.common.carts.EntityCartBasic
Railcraft,2,Railcraft.cart.chest,mods.railcraft.common.carts.EntityCartChest
Railcraft,3,Railcraft.cart.furnace,mods.railcraft.common.carts.EntityCartFurnace
Railcraft,4,Railcraft.cart.tnt.wood,mods.railcraft.common.carts.EntityCartTNTWood
Railcraft,5,Railcraft.cart.tank,mods.railcraft.common.carts.EntityCartTank
Railcraft,6,Railcraft.cart.cargo,mods.railcraft.common.carts.EntityCartCargo
Railcraft,7,Railcraft.cart.anchor,mods.railcraft.common.carts.EntityCartAnchor
Railcraft,8,Railcraft.cart.work,mods.railcraft.common.carts.EntityCartWork
Railcraft,9,Railcraft.cart.track.relayer,mods.railcraft.common.carts.EntityCartTrackRelayer
Railcraft,10,Railcraft.cart.undercutter,mods.railcraft.common.carts.EntityCartUndercutter
Railcraft,11,Railcraft.cart.pumpkin,mods.railcraft.common.carts.EntityCartPumpkin
Railcraft,12,Railcraft.cart.gift,mods.railcraft.common.carts.EntityCartGift
Railcraft,13,Railcraft.cart.anchor.personal,mods.railcraft.common.carts.EntityCartAnchorPersonal
Railcraft,14,Railcraft.cart.anchor.admin,mods.railcraft.common.carts.EntityCartAnchorAdmin
Railcraft,15,Railcraft.cart.tnt,mods.railcraft.common.carts.EntityCartTNT
Railcraft,16,Railcraft.cart.hopper,net.minecraft.entity.item.EntityMinecartHopper
Railcraft,17,Railcraft.cart.track.layer,mods.railcraft.common.carts.EntityCartTrackLayer
Railcraft,18,Railcraft.cart.track.remover,mods.railcraft.common.carts.EntityCartTrackRemover
Railcraft,19,Railcraft.cart.redstone.flux,mods.railcraft.common.carts.EntityCartRF
Railcraft,30,Railcraft.cart.loco.steam.solid,mods.railcraft.common.carts.EntityLocomotiveSteamSolid
Railcraft,32,Railcraft.cart.loco.electric,mods.railcraft.common.carts.EntityLocomotiveElectric
Railcraft,33,Railcraft.cart.loco.creative,mods.railcraft.common.carts.EntityLocomotiveCreative
Railcraft,40,Railcraft.cart.command.block,mods.railcraft.common.carts.EntityCartCommand
Railcraft,50,Railcraft.cart.bore,mods.railcraft.common.carts.EntityTunnelBore
Railcraft,75,Railcraft.ItemFirestone,mods.railcraft.common.items.firestone.EntityItemFirestone
Railcraft,76,Railcraft.ItemFireproof,mods.railcraft.common.items.EntityItemFireproof
Railcraft,87,Railcraft.cart.energy.batbox,mods.railcraft.common.carts.EntityCartEnergyBatBox
Railcraft,88,Railcraft.cart.energy.cesu,mods.railcraft.common.carts.EntityCartEnergyCESU
Railcraft,89,Railcraft.cart.energy.mfe,mods.railcraft.common.carts.EntityCartEnergyMFE
TConstruct,0,TConstruct.Fancy Item,tconstruct.tools.entity.FancyEntityItem
TConstruct,1,TConstruct.Dagger,tconstruct.tools.entity.DaggerEntity
TConstruct,2,TConstruct.Crystal,tconstruct.world.entity.Crystal
TConstruct,3,TConstruct.Launched Potion,tconstruct.tools.entity.LaunchedPotion
TConstruct,4,TConstruct.Arrow,tconstruct.tools.entity.ArrowEntity
TConstruct,5,TConstruct.LandmineFirework,tconstruct.mechworks.entity.item.EntityLandmineFirework
TConstruct,6,TConstruct.SlimeExplosive,tconstruct.mechworks.entity.item.ExplosivePrimed
TConstruct,12,TConstruct.EdibleSlime,tconstruct.world.entity.BlueSlime
TConstruct,14,TConstruct.KingSlime,tconstruct.world.entity.KingBlueSlime
TConstruct,20,TConstruct.Shuriken,tconstruct.weaponry.entity.ShurikenEntity
TConstruct,21,TConstruct.ThrowingKnife,tconstruct.weaponry.entity.ThrowingKnifeEntity
TConstruct,22,TConstruct.Javelin,tconstruct.weaponry.entity.JavelinEntity
TConstruct,23,TConstruct.Arrow,tconstruct.weaponry.entity.ArrowEntity
TConstruct,24,TConstruct.Bolt,tconstruct.weaponry.entity.BoltEntity
TaintedMagic,0,TaintedMagic.EntityTaintBubble,taintedmagic.common.entities.EntityTaintBubble
TaintedMagic,1,TaintedMagic.EntityDarkMatter,taintedmagic.common.entities.EntityDarkMatter
TaintedMagic,2,TaintedMagic.EntityHomingShard,taintedmagic.common.entities.EntityHomingShard
TaintedMagic,3,TaintedMagic.EntityGlowpet,taintedmagic.common.entities.EntityGlowpet
TaintedMagic,4,TaintedMagic.EntityDiffusion,taintedmagic.common.entities.EntityDiffusion
Thaumcraft,0,Thaumcraft.SpecialItem,thaumcraft.common.entities.EntitySpecialItem
Thaumcraft,1,Thaumcraft.PermanentItem,thaumcraft.common.entities.EntityPermanentItem
Thaumcraft,2,Thaumcraft.FollowItem,thaumcraft.common.entities.EntityFollowingItem
Thaumcraft,3,Thaumcraft.AspectOrb,thaumcraft.common.entities.EntityAspectOrb
Thaumcraft,4,Thaumcraft.FallingTaint,thaumcraft.common.entities.EntityFallingTaint
Thaumcraft,5,Thaumcraft.Alumentum,thaumcraft.common.entities.projectile.EntityAlumentum
Thaumcraft,6,Thaumcraft.PrimalOrb,thaumcraft.common.entities.projectile.EntityPrimalOrb
Thaumcraft,7,Thaumcraft.FrostShard,thaumcraft.common.entities.projectile.EntityFrostShard
Thaumcraft,8,Thaumcraft.Dart,thaumcraft.common.entities.projectile.EntityDart
Thaumcraft,9,Thaumcraft.PrimalArrow,thaumcraft.common.entities.projectile.EntityPrimalArrow
Thaumcraft,10,Thaumcraft.PechBlast,thaumcraft.common.entities.projectile.EntityPechBlast
Thaumcraft,11,Thaumcraft.EldritchOrb,thaumcraft.common.entities.projectile.EntityEldritchOrb
Thaumcraft,12,Thaumcraft.BottleTaint,thaumcraft.common.entities.projectile.EntityBottleTaint
Thaumcraft,13,Thaumcraft.GolemOrb,thaumcraft.common.entities.projectile.EntityGolemOrb
Thaumcraft,14,Thaumcraft.ShockOrb,thaumcraft.common.entities.projectile.EntityShockOrb
Thaumcraft,15,Thaumcraft.ExplosiveOrb,thaumcraft.common.entities.projectile.EntityExplosiveOrb
Thaumcraft,16,Thaumcraft.Ember,thaumcraft.common.entities.projectile.EntityEmber
Thaumcraft,17,Thaumcraft.Golem,thaumcraft.common.entities.golems.EntityGolemBase
Thaumcraft,18,Thaumcraft.TravelingTrunk,thaumcraft.common.entities.golems.EntityTravelingTrunk
Thaumcraft,19,Thaumcraft.BrainyZombie,thaumcraft.common.entities.monster.EntityBrainyZombie
Thaumcraft,20,Thaumcraft.GiantBrainyZombie,thaumcraft.common.entities.monster.EntityGiantBrainyZombie
Thaumcraft,21,Thaumcraft.Wisp,thaumcraft.common.entities.monster.EntityWisp
Thaumcraft,22,Thaumcraft.Firebat,thaumcraft.common.entities.monster.EntityFireBat
Thaumcraft,23,Thaumcraft.Pech,thaumcraft.common.entities.monster.EntityPech
Thaumcraft,24,Thaumcraft.MindSpider,thaumcraft.common.entities.monster.EntityMindSpider
Thaumcraft,25,Thaumcraft.EldritchGuardian,thaumcraft.common.entities.monster.EntityEldritchGuardian
Thaumcraft,26,Thaumcraft.EldritchWarden,thaumcraft.common.entities.monster.boss.EntityEldritchWarden
Thaumcraft,27,Thaumcraft.CultistKnight,thaumcraft.common.entities.monster.EntityCultistKnight
Thaumcraft,28,Thaumcraft.CultistCleric,thaumcraft.common.entities.monster.EntityCultistCleric
Thaumcraft,29,Thaumcraft.CultistLeader,thaumcraft.common.entities.monster.boss.EntityCultistLeader
Thaumcraft,30,Thaumcraft.CultistPortal,thaumcraft.common.entities.monster.boss.EntityCultistPortal
Thaumcraft,31,Thaumcraft.EldritchGolem,thaumcraft.common.entities.monster.boss.EntityEldritchGolem
Thaumcraft,32,Thaumcraft.EldritchCrab,thaumcraft.common.entities.monster.EntityEldritchCrab
Thaumcraft,33,Thaumcraft.InhabitedZombie,thaumcraft.common.entities.monster.EntityInhabitedZombie
Thaumcraft,34,Thaumcraft.ThaumSlime,thaumcraft.common.entities.monster.EntityThaumicSlime
Thaumcraft,35,Thaumcraft.TaintSpider,thaumcraft.common.entities.monster.EntityTaintSpider
Thaumcraft,36,Thaumcraft.Taintacle,thaumcraft.common.entities.monster.EntityTaintacle
Thaumcraft,37,Thaumcraft.TaintacleTiny,thaumcraft.common.entities.monster.EntityTaintacleSmall
Thaumcraft,38,Thaumcraft.TaintSpore,thaumcraft.common.entities.monster.EntityTaintSpore
Thaumcraft,39,Thaumcraft.TaintSwarmer,thaumcraft.common.entities.monster.EntityTaintSporeSwarmer
Thaumcraft,40,Thaumcraft.TaintSwarm,thaumcraft.common.entities.monster.EntityTaintSwarm
Thaumcraft,41,Thaumcraft.TaintedChicken,thaumcraft.common.entities.monster.EntityTaintChicken
Thaumcraft,42,Thaumcraft.TaintedCow,thaumcraft.common.entities.monster.EntityTaintCow
Thaumcraft,43,Thaumcraft.TaintedCreeper,thaumcraft.common.entities.monster.EntityTaintCreeper
Thaumcraft,44,Thaumcraft.TaintedPig,thaumcraft.common.entities.monster.EntityTaintPig
Thaumcraft,45,Thaumcraft.TaintedSheep,thaumcraft.common.entities.monster.EntityTaintSheep
Thaumcraft,46,Thaumcraft.TaintedVillager,thaumcraft.common.entities.monster.EntityTaintVillager
Thaumcraft,47,Thaumcraft.TaintacleGiant,thaumcraft.common.entities.monster.boss.EntityTaintacleGiant
Thaumcraft,48,Thaumcraft.SpecialItemGrate,thaumcraft.common.entities.EntityItemGrate
Thaumcraft,49,Thaumcraft.GolemBobber,thaumcraft.common.entities.golems.EntityGolemBobber
ThaumicTinkerer,0,ThaumicTinkerer.ShadowbeamStaffBeam,thaumic.tinkerer.common.item.kami.foci.ItemFocusShadowbeam$Beam
ThermalDynamics,0,ThermalDynamics.Transport,cofh.thermaldynamics.duct.entity.EntityTransport
ThermalExpansion,4,ThermalExpansion.florb,cofh.thermalexpansion.entity.projectile.EntityFlorb
ThermalFoundation,1,ThermalFoundation.blizzBolt,cofh.thermalfoundation.entity.projectile.EntityBlizzBolt
ThermalFoundation,2,ThermalFoundation.blitzBolt,cofh.thermalfoundation.entity.projectile.EntityBlitzBolt
ThermalFoundation,3,ThermalFoundation.basalzBolt,cofh.thermalfoundation.entity.projectile.EntityBasalzBolt
TwilightForest,0,TwilightForest.RovingCube,twilightforest.entity.EntityTFRovingCube
TwilightForest,1,TwilightForest.tfnaturebolt,twilightforest.entity.EntityTFNatureBolt
TwilightForest,2,TwilightForest.tflichbolt,twilightforest.entity.boss.EntityTFLichBolt
TwilightForest,3,TwilightForest.tftwilightwandbolt,twilightforest.entity.EntityTFTwilightWandBolt
TwilightForest,4,TwilightForest.tftomebolt,twilightforest.entity.EntityTFTomeBolt
TwilightForest,5,TwilightForest.tfhydramortar,twilightforest.entity.boss.EntityTFHydraMortar
TwilightForest,6,TwilightForest.tflichbomb,twilightforest.entity.boss.EntityTFLichBomb
TwilightForest,7,TwilightForest.tfmoonwormshot,twilightforest.entity.EntityTFMoonwormShot
TwilightForest,8,TwilightForest.tfslimeblob,twilightforest.entity.EntityTFSlimeProjectile
TwilightForest,9,TwilightForest.tfcharmeffect,twilightforest.entity.EntityTFCharmEffect
TwilightForest,10,TwilightForest.tfthrownaxe,twilightforest.entity.boss.EntityTFThrownAxe
TwilightForest,11,TwilightForest.HydraHead,twilightforest.entity.boss.EntityTFHydraHead
TwilightForest,13,TwilightForest.tfthrownpick,twilightforest.entity.boss.EntityTFThrownPick
TwilightForest,14,TwilightForest.tffallingice,twilightforest.entity.boss.EntityTFFallingIce
TwilightForest,15,TwilightForest.tfthrownice,twilightforest.entity.boss.EntityTFIceBomb
TwilightForest,16,TwilightForest.tfSeekerArrow,twilightforest.entity.EntitySeekerArrow
TwilightForest,17,TwilightForest.tficesnowball,twilightforest.entity.EntityTFIceSnowball
TwilightForest,18,TwilightForest.tfchainBlock,twilightforest.entity.EntityTFChainBlock
TwilightForest,19,TwilightForest.tfcubeannihilation,twilightforest.entity.EntityTFCubeOfAnnihilation
TwilightForest,20,TwilightForest.tfslideblock,twilightforest.entity.EntityTFSlideBlock
TwilightForest,177,TwilightForest.Wild Boar,twilightforest.entity.passive.EntityTFBoar
TwilightForest,178,TwilightForest.Bighorn Sheep,twilightforest.entity.passive.EntityTFBighorn
TwilightForest,179,TwilightForest.Wild Deer,twilightforest.entity.passive.EntityTFDeer
TwilightForest,180,TwilightForest.Redcap,twilightforest.entity.EntityTFRedcap
TwilightForest,181,TwilightForest.Swarm Spider,twilightforest.entity.EntityTFSwarmSpider
TwilightForest,182,TwilightForest.Naga,twilightforest.entity.boss.EntityTFNaga
TwilightForest,184,TwilightForest.Skeleton Druid,twilightforest.entity.EntityTFSkeletonDruid
TwilightForest,185,TwilightForest.Hostile Wolf,twilightforest.entity.EntityTFHostileWolf
TwilightForest,186,TwilightForest.Twilight Wraith,twilightforest.entity.EntityTFWraith
TwilightForest,187,TwilightForest.Hedge Spider,twilightforest.entity.EntityTFHedgeSpider
TwilightForest,189,TwilightForest.Hydra,twilightforest.entity.boss.EntityTFHydra
TwilightForest,190,TwilightForest.Twilight Lich,twilightforest.entity.boss.EntityTFLich
TwilightForest,191,TwilightForest.Glacier Penguin,twilightforest.entity.passive.EntityTFPenguin
TwilightForest,192,TwilightForest.Lich Minion,twilightforest.entity.boss.EntityTFLichMinion
TwilightForest,193,TwilightForest.Loyal Zombie,twilightforest.entity.EntityTFLoyalZombie
TwilightForest,194,TwilightForest.Tiny Bird,twilightforest.entity.passive.EntityTFTinyBird
TwilightForest,195,TwilightForest.Forest Squirrel,twilightforest.entity.passive.EntityTFSquirrel
TwilightForest,196,TwilightForest.Forest Bunny,twilightforest.entity.passive.EntityTFBunny
TwilightForest,197,TwilightForest.Forest Raven,twilightforest.entity.passive.EntityTFRaven
TwilightForest,198,TwilightForest.Questing Ram,twilightforest.entity.passive.EntityTFQuestRam
TwilightForest,199,TwilightForest.Twilight Kobold,twilightforest.entity.EntityTFKobold
TwilightForest,202,TwilightForest.Mosquito Swarm,twilightforest.entity.EntityTFMosquitoSwarm
TwilightForest,203,TwilightForest.Death Tome,twilightforest.entity.EntityTFDeathTome
TwilightForest,204,TwilightForest.Minotaur,twilightforest.entity.EntityTFMinotaur
TwilightForest,205,TwilightForest.Minoshroom,twilightforest.entity.boss.EntityTFMinoshroom
TwilightForest,206,TwilightForest.Fire Beetle,twilightforest.entity.EntityTFFireBeetle
TwilightForest,207,TwilightForest.Slime Beetle,twilightforest.entity.EntityTFSlimeBeetle
TwilightForest,208,TwilightForest.Pinch Beetle,twilightforest.entity.EntityTFPinchBeetle
TwilightForest,209,TwilightForest.Maze Slime,twilightforest.entity.EntityTFMazeSlime
TwilightForest,210,TwilightForest.Redcap Sapper,twilightforest.entity.EntityTFRedcapSapper
TwilightForest,211,TwilightForest.Mist Wolf,twilightforest.entity.EntityTFMistWolf
TwilightForest,212,TwilightForest.King Spider,twilightforest.entity.EntityTFKingSpider
TwilightForest,213,TwilightForest.Firefly,twilightforest.entity.passive.EntityTFMobileFirefly
TwilightForest,214,TwilightForest.Mini Ghast,twilightforest.entity.EntityTFMiniGhast
TwilightForest,215,TwilightForest.Tower Ghast,twilightforest.entity.EntityTFTowerGhast
TwilightForest,216,TwilightForest.Tower Golem,twilightforest.entity.EntityTFTowerGolem
TwilightForest,217,TwilightForest.Tower Boss,twilightforest.entity.boss.EntityTFUrGhast
TwilightForest,218,TwilightForest.Tower Termite,twilightforest.entity.EntityTFTowerTermite
TwilightForest,219,TwilightForest.Redscale Broodling,twilightforest.entity.EntityTFTowerBroodling
TwilightForest,220,TwilightForest.Block&Chain Goblin,twilightforest.entity.EntityTFBlockGoblin
TwilightForest,221,TwilightForest.Upper Goblin Knight,twilightforest.entity.EntityTFGoblinKnightUpper
TwilightForest,222,TwilightForest.Lower Goblin Knight,twilightforest.entity.EntityTFGoblinKnightLower
TwilightForest,223,TwilightForest.Helmet Crab,twilightforest.entity.EntityTFHelmetCrab
TwilightForest,224,TwilightForest.Knight Phantom,twilightforest.entity.boss.EntityTFKnightPhantom
TwilightForest,225,TwilightForest.Yeti,twilightforest.entity.EntityTFYeti
TwilightForest,226,TwilightForest.Yeti Boss,twilightforest.entity.boss.EntityTFYetiAlpha
TwilightForest,227,TwilightForest.WinterWolf,twilightforest.entity.EntityTFWinterWolf
TwilightForest,228,TwilightForest.SnowGuardian,twilightforest.entity.EntityTFSnowGuardian
TwilightForest,229,TwilightForest.Stable Ice Core,twilightforest.entity.EntityTFIceShooter
TwilightForest,230,TwilightForest.Unstable Ice Core,twilightforest.entity.EntityTFIceExploder
TwilightForest,231,TwilightForest.Snow Queen,twilightforest.entity.boss.EntityTFSnowQueen
TwilightForest,232,TwilightForest.Troll,twilightforest.entity.EntityTFTroll
TwilightForest,233,TwilightForest.Giant Miner,twilightforest.entity.EntityTFGiantMiner
TwilightForest,234,TwilightForest.Armored Giant,twilightforest.entity.EntityTFArmoredGiant
TwilightForest,235,TwilightForest.Ice Crystal,twilightforest.entity.boss.EntityTFIceCrystal
TwilightForest,236,TwilightForest.Harbinger Cube,twilightforest.entity.EntityTFHarbingerCube
TwilightForest,237,TwilightForest.Adherent,twilightforest.entity.EntityTFAdherent
appliedenergistics2,10,appliedenergistics2.EntityTinyTNTPrimed,appeng.entity.EntityTinyTNTPrimed
appliedenergistics2,11,appliedenergistics2.EntitySingularity,appeng.entity.EntitySingularity
appliedenergistics2,11,appliedenergistics2.EntitySingularity,appeng.entity.EntitySingularity
appliedenergistics2,11,appliedenergistics2.EntitySingularity,appeng.entity.EntitySingularity
appliedenergistics2,12,appliedenergistics2.EntityChargedQuartz,appeng.entity.EntityChargedQuartz
appliedenergistics2,13,appliedenergistics2.EntityGrowingCrystal,appeng.entity.EntityGrowingCrystal
cfm,0,cfm.MountableBlock,com.mrcrayfish.furniture.entity.EntitySittableBlock
chisel,0,chisel.snowman,team.chisel.entity.EntityChiselSnowman
chisel,1,chisel.CloudInABottle,team.chisel.entity.EntityCloudInABottle
chisel,2,chisel.BallOMoss,team.chisel.entity.EntityBallOMoss
chisel,3,chisel.SmashingRock,team.chisel.entity.EntitySmashingRock
creativecore,0,creativecore.Sit,com.creativemd.creativecore.common.entity.EntitySit
customnpcs,0,customnpcs.npchumanmale,noppes.npcs.entity.old.EntityNPCHumanMale
customnpcs,1,customnpcs.npcvillager,noppes.npcs.entity.old.EntityNPCVillager
customnpcs,2,customnpcs.npcpony,noppes.npcs.entity.EntityNpcPony
customnpcs,3,customnpcs.npchumanfemale,noppes.npcs.entity.old.EntityNPCHumanFemale
customnpcs,4,customnpcs.npcdwarfmale,noppes.npcs.entity.old.EntityNPCDwarfMale
customnpcs,5,customnpcs.npcfurrymale,noppes.npcs.entity.old.EntityNPCFurryMale
customnpcs,6,customnpcs.npczombiemale,noppes.npcs.entity.old.EntityNpcMonsterMale
customnpcs,7,customnpcs.npczombiefemale,noppes.npcs.entity.old.EntityNpcMonsterFemale
customnpcs,8,customnpcs.npcskeleton,noppes.npcs.entity.old.EntityNpcSkeleton
customnpcs,9,customnpcs.npcdwarffemale,noppes.npcs.entity.old.EntityNPCDwarfFemale
customnpcs,10,customnpcs.npcfurryfemale,noppes.npcs.entity.old.EntityNPCFurryFemale
customnpcs,11,customnpcs.npcorcfmale,noppes.npcs.entity.old.EntityNPCOrcMale
customnpcs,12,customnpcs.npcorcfemale,noppes.npcs.entity.old.EntityNPCOrcFemale
customnpcs,13,customnpcs.npcelfmale,noppes.npcs.entity.old.EntityNPCElfMale
customnpcs,14,customnpcs.npcelffemale,noppes.npcs.entity.old.EntityNPCElfFemale
customnpcs,15,customnpcs.npccrystal,noppes.npcs.entity.EntityNpcCrystal
customnpcs,16,customnpcs.npcenderchibi,noppes.npcs.entity.old.EntityNpcEnderchibi
customnpcs,17,customnpcs.npcnagamale,noppes.npcs.entity.old.EntityNpcNagaMale
customnpcs,18,customnpcs.npcnagafemale,noppes.npcs.entity.old.EntityNpcNagaFemale
customnpcs,19,customnpcs.NpcSlime,noppes.npcs.entity.EntityNpcSlime
customnpcs,20,customnpcs.NpcDragon,noppes.npcs.entity.EntityNpcDragon
customnpcs,21,customnpcs.npcEnderman,noppes.npcs.entity.old.EntityNPCEnderman
customnpcs,22,customnpcs.npcGolem,noppes.npcs.entity.EntityNPCGolem
customnpcs,23,customnpcs.CustomNpc,noppes.npcs.entity.EntityCustomNpc
customnpcs,24,customnpcs.CustomNpcChairMount,noppes.npcs.entity.EntityChairMount
customnpcs,25,customnpcs.throwableitem,noppes.npcs.entity.EntityProjectile
customnpcs,26,customnpcs.magicprojectile,noppes.npcs.entity.EntityMagicProjectile
divinerpg,0,divinerpg.VileStormProjectile,net.divinerpg.entities.vanilla.projectile.EntityVileStorm
divinerpg,1,divinerpg.DeathProjectile,net.divinerpg.entities.vanilla.projectile.EntityDeath
divinerpg,2,divinerpg.KOSShotProjectile,net.divinerpg.entities.vanilla.projectile.EntityKingOfScorchersShot
divinerpg,3,divinerpg.KOSMeteorProjectile,net.divinerpg.entities.vanilla.projectile.EntityKingOfScorchersMeteor
divinerpg,4,divinerpg.CaveRockProjectile,net.divinerpg.entities.vanilla.projectile.EntityCaveRock
divinerpg,5,divinerpg.WatcherShotProjectile,net.divinerpg.entities.vanilla.projectile.EntityWatcherShot
divinerpg,6,divinerpg.FrostShotProjectile,net.divinerpg.entities.vanilla.projectile.EntityFrostShot
divinerpg,7,divinerpg.ScorcherShotProjectile,net.divinerpg.entities.vanilla.projectile.EntityScorcherShot
divinerpg,8,divinerpg.CorruptedBulletProjectile,net.divinerpg.entities.vanilla.projectile.EntityCorruptedBullet
divinerpg,9,divinerpg.DivineArrowProjectile,net.divinerpg.entities.base.EntityDivineArrow
divinerpg,10,divinerpg.TripletFireballProjectile,net.divinerpg.entities.vanilla.projectile.EntityEnderTripletFireball
divinerpg,11,divinerpg.BulletProjectile,net.divinerpg.entities.vanilla.projectile.EntityShooterBullet
divinerpg,12,divinerpg.SaguaroWormProjectile,net.divinerpg.entities.vanilla.projectile.EntitySaguaroWormShot
divinerpg,13,divinerpg.WeakCoriShotProjectile,net.divinerpg.entities.twilight.projectile.EntityCoriShot
divinerpg,14,divinerpg.ParticleBulletProjectile,net.divinerpg.entities.twilight.EntityParticleBullet
divinerpg,15,divinerpg.TwilightDemonShotProjectile,net.divinerpg.entities.twilight.projectile.EntityTwilightDemonShot
divinerpg,16,divinerpg.SoulFiendShotProjectile,net.divinerpg.entities.twilight.projectile.EntitySoulFiendProjectile
divinerpg,17,divinerpg.TwilightMageShotProjectile,net.divinerpg.entities.twilight.projectile.EntityTwilightMageShot
divinerpg,18,divinerpg.CarolProjectile,net.divinerpg.entities.iceika.projectile.EntityCarol
divinerpg,19,divinerpg.MusicProjectile,net.divinerpg.entities.iceika.projectile.EntityMusic
divinerpg,20,divinerpg.SnowflakeShurikenProjectile,net.divinerpg.entities.iceika.projectile.EntitySnowflakeShuriken
divinerpg,21,divinerpg.FractiteShotProjectile,net.divinerpg.entities.iceika.projectile.EntityFractiteShot
divinerpg,22,divinerpg.IceProjectile,net.divinerpg.entities.iceika.projectile.EntitySerenadeOfIce
divinerpg,23,divinerpg.AmthirmisDiskProjectile,net.divinerpg.entities.vethea.projectile.EntityAmthirmisDisk
divinerpg,24,divinerpg.ArksianeDiskProjectile,net.divinerpg.entities.vethea.projectile.EntityArksianeDisk
divinerpg,25,divinerpg.CermileDiskProjectile,net.divinerpg.entities.vethea.projectile.EntityCermileDisk
divinerpg,26,divinerpg.DarvenDiskProjectile,net.divinerpg.entities.vethea.projectile.EntityDarvenDisk
divinerpg,27,divinerpg.HeliosisDiskProjectile,net.divinerpg.entities.vethea.projectile.EntityHeliosisDisk
divinerpg,28,divinerpg.KarosDiskProjectile,net.divinerpg.entities.vethea.projectile.EntityKarosDisk
divinerpg,29,divinerpg.PardimalDiskProjectile,net.divinerpg.entities.vethea.projectile.EntityPardimalDisk
divinerpg,30,divinerpg.QuadroticDiskProjectile,net.divinerpg.entities.vethea.projectile.EntityQuadroticDisk
divinerpg,31,divinerpg.TeakerDiskProjectile,net.divinerpg.entities.vethea.projectile.EntityTeakerDisk
divinerpg,32,divinerpg.StaffProjectile,net.divinerpg.entities.vethea.projectile.EntityBouncingProjectile
divinerpg,33,divinerpg.EvernightProjectile,net.divinerpg.entities.vethea.projectile.EntityEvernightProjectile
divinerpg,34,divinerpg.WreckShotProjectile,net.divinerpg.entities.vethea.projectile.EntityWreckShot
divinerpg,35,divinerpg.CannonEversightProjectile,net.divinerpg.entities.vethea.projectile.EntityVetheanCannonEversight
divinerpg,36,divinerpg.EversightProjectile,net.divinerpg.entities.vethea.projectile.EntityEversightProjectile
divinerpg,37,divinerpg.DissimentShotProjectile,net.divinerpg.entities.vethea.projectile.EntityDissimentShot
divinerpg,38,divinerpg.KazroticShotProjectile,net.divinerpg.entities.vethea.projectile.EntityKazroticShot
divinerpg,39,divinerpg.MandragoraShotProjectile,net.divinerpg.entities.vethea.projectile.EntityMandragoraProjectile
divinerpg,40,divinerpg.RaglokBombProjectile,net.divinerpg.entities.vethea.projectile.EntityRaglokBomb
divinerpg,41,divinerpg.WreckExplosiveShotProjectile,net.divinerpg.entities.vethea.projectile.EntityWreckExplosiveShot
divinerpg,42,divinerpg.ZoragonBombProjectile,net.divinerpg.entities.vethea.projectile.EntityZoragonBomb
divinerpg,43,divinerpg.WreckBouncingProjectile,net.divinerpg.entities.vethea.projectile.EntityWreckBouncingProjectile
divinerpg,44,divinerpg.LadyLunaSparklerProjectile,net.divinerpg.entities.vethea.EntityLadyLunaSparkler
divinerpg,45,divinerpg.StarProjectile,net.divinerpg.entities.arcana.projectile.EntityStar
divinerpg,46,divinerpg.SparklerProjectile,net.divinerpg.entities.arcana.projectile.EntitySparkler
divinerpg,47,divinerpg.FireflyProjectile,net.divinerpg.entities.arcana.projectile.EntityFirefly
divinerpg,48,divinerpg.FyracryxFireballProjectile,net.divinerpg.entities.arcana.projectile.EntityFyracryxFireball
divinerpg,49,divinerpg.GrenadeProjectile,net.divinerpg.entities.arcana.projectile.EntityGrenade
divinerpg,50,divinerpg.LamonaProjectile,net.divinerpg.entities.arcana.projectile.EntityLamona
divinerpg,51,divinerpg.LivingStatueArrowProjectile,net.divinerpg.entities.arcana.projectile.EntityLivingStatueArrow
divinerpg,52,divinerpg.MeriksMissileProjectile,net.divinerpg.entities.arcana.projectile.EntityMerikMissile
divinerpg,53,divinerpg.MeteorMashProjectile,net.divinerpg.entities.arcana.projectile.EntityMeteor
divinerpg,54,divinerpg.AttractorProjectile,net.divinerpg.entities.arcana.projectile.EntityAttractor
divinerpg,55,divinerpg.ReflectorProjectile,net.divinerpg.entities.arcana.projectile.EntityReflector
divinerpg,500,divinerpg.EnderWatcher,net.divinerpg.entities.vanilla.EntityEnderWatcher
divinerpg,501,divinerpg.Crab,net.divinerpg.entities.vanilla.EntityCrab
divinerpg,502,divinerpg.UndeadMiner,net.divinerpg.entities.vanilla.EntityMiner
divinerpg,503,divinerpg.KingCrab,net.divinerpg.entities.vanilla.EntityKingCrab
divinerpg,504,divinerpg.DesertCrawler,net.divinerpg.entities.vanilla.EntityDesertCrawler
divinerpg,505,divinerpg.CaveCrawler,net.divinerpg.entities.vanilla.EntityCaveCrawler
divinerpg,506,divinerpg.JungleDramcryx,net.divinerpg.entities.vanilla.EntityJungleDramcryx
divinerpg,507,divinerpg.JungleSpider,net.divinerpg.entities.vanilla.EntityJungleSpider
divinerpg,508,divinerpg.Cyclops,net.divinerpg.entities.vanilla.EntityCyclops
divinerpg,509,divinerpg.Caveclops,net.divinerpg.entities.vanilla.EntityCaveclops
divinerpg,510,divinerpg.AncientEntity,net.divinerpg.entities.vanilla.EntityAncientEntity
divinerpg,511,divinerpg.Whale,net.divinerpg.entities.vanilla.EntityWhale
divinerpg,512,divinerpg.HellSpider,net.divinerpg.entities.vanilla.EntityHellSpider
divinerpg,513,divinerpg.Scorcher,net.divinerpg.entities.vanilla.EntityScorcher
divinerpg,514,divinerpg.EnderSpider,net.divinerpg.entities.vanilla.EntityEnderSpider
divinerpg,515,divinerpg.EnderTriplets,net.divinerpg.entities.vanilla.EntityEnderTriplets
divinerpg,516,divinerpg.AridWarrior,net.divinerpg.entities.vanilla.EntityAridWarrior
divinerpg,517,divinerpg.AyeracoBlue,net.divinerpg.entities.vanilla.EntityAyeracoBlue
divinerpg,518,divinerpg.AyeracoGreen,net.divinerpg.entities.vanilla.EntityAyeracoGreen
divinerpg,519,divinerpg.AyeracoPurple,net.divinerpg.entities.vanilla.EntityAyeracoPurple
divinerpg,520,divinerpg.AyeracoRed,net.divinerpg.entities.vanilla.EntityAyeracoRed
divinerpg,521,divinerpg.AyeracoYellow,net.divinerpg.entities.vanilla.EntityAyeracoYellow
divinerpg,522,divinerpg.EnthralledDramcryx,net.divinerpg.entities.vanilla.EntityEnthralledDramcryx
divinerpg,523,divinerpg.TheEye,net.divinerpg.entities.vanilla.EntityTheEye
divinerpg,524,divinerpg.Frost,net.divinerpg.entities.vanilla.EntityFrost
divinerpg,525,divinerpg.KingOfScorchers,net.divinerpg.entities.vanilla.EntityKingOfScorchers
divinerpg,526,divinerpg.Rainbour,net.divinerpg.entities.vanilla.EntityRainbour
divinerpg,527,divinerpg.Rotatick,net.divinerpg.entities.vanilla.EntityRotatick
divinerpg,528,divinerpg.Shark,net.divinerpg.entities.vanilla.EntityShark
divinerpg,529,divinerpg.TheWatcher,net.divinerpg.entities.vanilla.EntityTheWatcher
divinerpg,530,divinerpg.Wildfire,net.divinerpg.entities.vanilla.EntityWildfire
divinerpg,531,divinerpg.Glacon,net.divinerpg.entities.vanilla.EntityGlacon
divinerpg,532,divinerpg.JackOMan,net.divinerpg.entities.vanilla.EntityJackOMan
divinerpg,533,divinerpg.LivestockMerchant,net.divinerpg.entities.vanilla.EntityLivestockMerchant
divinerpg,534,divinerpg.JungleBat,net.divinerpg.entities.vanilla.EntityJungleBat
divinerpg,535,divinerpg.HellPig,net.divinerpg.entities.vanilla.EntityHellPig
divinerpg,536,divinerpg.Kobblin,net.divinerpg.entities.vanilla.EntityKobblin
divinerpg,537,divinerpg.TheGrue,net.divinerpg.entities.vanilla.EntityTheGrue
divinerpg,538,divinerpg.SaguaroWorm,net.divinerpg.entities.vanilla.EntitySaguaroWorm
divinerpg,539,divinerpg.PumpkinSpider,net.divinerpg.entities.vanilla.EntityPumpkinSpider
divinerpg,540,divinerpg.Liopleurodon,net.divinerpg.entities.vanilla.EntityLiopleurodon
divinerpg,541,divinerpg.Ehu,net.divinerpg.entities.vanilla.EntityEhu
divinerpg,542,divinerpg.Husk,net.divinerpg.entities.vanilla.EntityHusk
divinerpg,543,divinerpg.StoneGolem,net.divinerpg.entities.vanilla.EntityStoneGolem
divinerpg,544,divinerpg.Smelter,net.divinerpg.entities.vanilla.EntitySmelter
divinerpg,545,divinerpg.Grizzle,net.divinerpg.entities.vanilla.EntityGrizzle
divinerpg,546,divinerpg.Snapper,net.divinerpg.entities.vanilla.EntitySnapper
divinerpg,547,divinerpg.EdenCadillion,net.divinerpg.entities.twilight.EntityEdenCadillion
divinerpg,548,divinerpg.EdenTomo,net.divinerpg.entities.twilight.EntityEdenTomo
divinerpg,549,divinerpg.Bunny,net.divinerpg.entities.twilight.EntityBunny
divinerpg,550,divinerpg.AngryBunny,net.divinerpg.entities.twilight.EntityAngryBunny
divinerpg,551,divinerpg.WeakCori,net.divinerpg.entities.twilight.EntityEdenCori
divinerpg,552,divinerpg.Madivel,net.divinerpg.entities.twilight.EntityMadivel
divinerpg,553,divinerpg.Greenfeet,net.divinerpg.entities.twilight.EntityGreenfeet
divinerpg,554,divinerpg.SunArcher,net.divinerpg.entities.twilight.EntitySunArcher
divinerpg,555,divinerpg.WildwoodGolem,net.divinerpg.entities.twilight.EntityWildwoodGolem
divinerpg,556,divinerpg.WildwoodTomo,net.divinerpg.entities.twilight.EntityWildwoodTomo
divinerpg,557,divinerpg.WildwoodCadillion,net.divinerpg.entities.twilight.EntityWildwoodCadillion
divinerpg,558,divinerpg.Epiphite,net.divinerpg.entities.twilight.EntityEpiphite
divinerpg,559,divinerpg.Behemoth,net.divinerpg.entities.twilight.EntityBehemoth
divinerpg,560,divinerpg.Mage,net.divinerpg.entities.twilight.EntityMage
divinerpg,561,divinerpg.Spellbinder,net.divinerpg.entities.twilight.EntitySpellbinder
divinerpg,562,divinerpg.Mystic,net.divinerpg.entities.twilight.EntityMystic
divinerpg,563,divinerpg.Sorcerer,net.divinerpg.entities.twilight.EntitySorcerer
divinerpg,564,divinerpg.Verek,net.divinerpg.entities.twilight.EntityVerek
divinerpg,565,divinerpg.MoonWolf,net.divinerpg.entities.twilight.EntityMoonWolf
divinerpg,566,divinerpg.ApalachiaCadillion,net.divinerpg.entities.twilight.EntityApalachiaCadillion
divinerpg,567,divinerpg.ApalachiaTomo,net.divinerpg.entities.twilight.EntityApalachiaTomo
divinerpg,568,divinerpg.ApalachiaGolem,net.divinerpg.entities.twilight.EntityApalachiaGolem
divinerpg,569,divinerpg.EnchantedWarrior,net.divinerpg.entities.twilight.EntityApalachiaWarrior
divinerpg,570,divinerpg.SkythernArcher,net.divinerpg.entities.twilight.EntitySkythernArcher
divinerpg,571,divinerpg.EnchantedArcher,net.divinerpg.entities.twilight.EntityApalachiaArcher
divinerpg,572,divinerpg.TwilightArcher,net.divinerpg.entities.twilight.EntityTwilightArcher
divinerpg,573,divinerpg.Samek,net.divinerpg.entities.twilight.EntitySamek
divinerpg,574,divinerpg.SkythernGolem,net.divinerpg.entities.twilight.EntitySkythernGolem
divinerpg,575,divinerpg.SkythernCori,net.divinerpg.entities.twilight.EntitySkythernCori
divinerpg,576,divinerpg.SkythernFiend,net.divinerpg.entities.twilight.EntitySkythernFiend
divinerpg,577,divinerpg.Megalith,net.divinerpg.entities.twilight.EntityMegalith
divinerpg,578,divinerpg.MortumCadillion,net.divinerpg.entities.twilight.EntityMortumCadillion
divinerpg,579,divinerpg.DemonOfDarkness,net.divinerpg.entities.twilight.EntityMortumDemon
divinerpg,580,divinerpg.Baslisk,net.divinerpg.entities.twilight.EntityBaslisk
divinerpg,581,divinerpg.SoulStealer,net.divinerpg.entities.twilight.EntitySoulStealer
divinerpg,582,divinerpg.Densos,net.divinerpg.entities.twilight.EntityDensos
divinerpg,583,divinerpg.Reyvor,net.divinerpg.entities.twilight.EntityReyvor
divinerpg,584,divinerpg.TwilightDemon,net.divinerpg.entities.twilight.EntityTwilightDemon
divinerpg,585,divinerpg.SoulFiend,net.divinerpg.entities.twilight.EntitySoulFiend
divinerpg,586,divinerpg.Vamacheron,net.divinerpg.entities.twilight.EntityVamacheron
divinerpg,587,divinerpg.Karot,net.divinerpg.entities.twilight.EntityKarot
divinerpg,588,divinerpg.EternalArcher,net.divinerpg.entities.twilight.EntityEternalArcher
divinerpg,589,divinerpg.SoulSpider,net.divinerpg.entities.twilight.EntitySoulSpider
divinerpg,590,divinerpg.Alicanto,net.divinerpg.entities.iceika.EntityAlicanto
divinerpg,591,divinerpg.Fractite,net.divinerpg.entities.iceika.EntityFractite
divinerpg,592,divinerpg.Glacide,net.divinerpg.entities.iceika.EntityGlacide
divinerpg,593,divinerpg.Hastreus,net.divinerpg.entities.iceika.EntityHastreus
divinerpg,594,divinerpg.FrostArcher,net.divinerpg.entities.iceika.EntityFrostArcher
divinerpg,595,divinerpg.Rollum,net.divinerpg.entities.iceika.EntityRollum
divinerpg,596,divinerpg.Frosty,net.divinerpg.entities.iceika.EntityFrosty
divinerpg,597,divinerpg.WorkshopTinkerer,net.divinerpg.entities.iceika.EntityWorkshopTinkerer
divinerpg,598,divinerpg.WorkshopMerchant,net.divinerpg.entities.iceika.EntityWorkshopMerchant
divinerpg,599,divinerpg.Vermenous,net.divinerpg.entities.vethea.EntityVermenous
divinerpg,600,divinerpg.Ent,net.divinerpg.entities.vethea.EntityEnt
divinerpg,601,divinerpg.Cymesoid,net.divinerpg.entities.vethea.EntityCymesoid
divinerpg,602,divinerpg.Dreamwrecker,net.divinerpg.entities.vethea.EntityDreamwrecker
divinerpg,603,divinerpg.Tocaxin,net.divinerpg.entities.vethea.EntityTocaxin
divinerpg,604,divinerpg.Shadahier,net.divinerpg.entities.vethea.EntityShadahier
divinerpg,605,divinerpg.AcidHag,net.divinerpg.entities.vethea.EntityAcidHag
divinerpg,606,divinerpg.Kazrotic,net.divinerpg.entities.vethea.EntityKazrotic
divinerpg,607,divinerpg.Helio,net.divinerpg.entities.vethea.EntityHelio
divinerpg,608,divinerpg.Gorgosion,net.divinerpg.entities.vethea.EntityGorgosion
divinerpg,609,divinerpg.Hoverstinger,net.divinerpg.entities.vethea.EntityHoverStinger
divinerpg,610,divinerpg.Zone,net.divinerpg.entities.vethea.EntityZone
divinerpg,611,divinerpg.Zoragon,net.divinerpg.entities.vethea.EntityZoragon
divinerpg,612,divinerpg.Dissiment,net.divinerpg.entities.vethea.EntityDissiment
divinerpg,613,divinerpg.Vhraak,net.divinerpg.entities.vethea.EntityVhraak
divinerpg,614,divinerpg.Galroid,net.divinerpg.entities.vethea.EntityGalroid
divinerpg,615,divinerpg.LadyLuna,net.divinerpg.entities.vethea.EntityLadyLuna
divinerpg,616,divinerpg.Bohemite,net.divinerpg.entities.vethea.EntityBohemite
divinerpg,617,divinerpg.Wreck,net.divinerpg.entities.vethea.EntityWreck
divinerpg,618,divinerpg.Biphron,net.divinerpg.entities.vethea.EntityBiphron
divinerpg,619,divinerpg.HiveQueen,net.divinerpg.entities.vethea.EntityHiveQueen
divinerpg,620,divinerpg.HiveSoldier,net.divinerpg.entities.vethea.EntityHiveSoldier
divinerpg,621,divinerpg.LHeiva,net.divinerpg.entities.vethea.EntityLheiva
divinerpg,622,divinerpg.Mandragora,net.divinerpg.entities.vethea.EntityMandragora
divinerpg,623,divinerpg.Twins,net.divinerpg.entities.vethea.EntityTwins
divinerpg,624,divinerpg.Karos,net.divinerpg.entities.vethea.EntityKaros
divinerpg,625,divinerpg.Raglok,net.divinerpg.entities.vethea.EntityRaglok
divinerpg,626,divinerpg.Quadro,net.divinerpg.entities.vethea.EntityQuadro
divinerpg,627,divinerpg.Duo,net.divinerpg.entities.vethea.EntityDuo
divinerpg,628,divinerpg.Lorga,net.divinerpg.entities.vethea.EntityLorga
divinerpg,629,divinerpg.LorgaFlight,net.divinerpg.entities.vethea.EntityLorgaFlight
divinerpg,630,divinerpg.MysteriousMan1,net.divinerpg.entities.vethea.EntityMysteriousManLayer1
divinerpg,631,divinerpg.MysteriousMan2,net.divinerpg.entities.vethea.EntityMysteriousManLayer2
divinerpg,632,divinerpg.MysteriousMan3,net.divinerpg.entities.vethea.EntityMysteriousManLayer3
divinerpg,633,divinerpg.TheHunger,net.divinerpg.entities.vethea.EntityTheHunger
divinerpg,634,divinerpg.CryptKeeper,net.divinerpg.entities.vethea.EntityCryptKeeper
divinerpg,635,divinerpg.TempleGuardian,net.divinerpg.entities.vethea.EntityTempleGuardian
divinerpg,636,divinerpg.CaptainMerik,net.divinerpg.entities.arcana.EntityCaptianMerik
divinerpg,637,divinerpg.DungeonConstructor,net.divinerpg.entities.arcana.EntityConstructor
divinerpg,638,divinerpg.Datticon,net.divinerpg.entities.arcana.EntityDatticon
divinerpg,639,divinerpg.WarGeneral,net.divinerpg.entities.arcana.EntityWarGeneral
divinerpg,640,divinerpg.Deathcryx,net.divinerpg.entities.arcana.EntityDeathcryx
divinerpg,641,divinerpg.DeathHound,net.divinerpg.entities.arcana.EntityDeathHound
divinerpg,642,divinerpg.Dramix,net.divinerpg.entities.arcana.EntityDramix
divinerpg,643,divinerpg.DungeonPrisoner,net.divinerpg.entities.arcana.EntityDungeonPrisoner
divinerpg,644,divinerpg.DungeonDemon,net.divinerpg.entities.arcana.EntityDungeonDemon
divinerpg,645,divinerpg.Leorna,net.divinerpg.entities.arcana.EntityLeorna
divinerpg,646,divinerpg.LivingStatue,net.divinerpg.entities.arcana.EntityLivingStatue
divinerpg,647,divinerpg.Parasecta,net.divinerpg.entities.arcana.EntityParasecta
divinerpg,648,divinerpg.Razorback,net.divinerpg.entities.arcana.EntityRazorback
divinerpg,649,divinerpg.LordVatticus,net.divinerpg.entities.arcana.EntityVatticus
divinerpg,650,divinerpg.Zelus,net.divinerpg.entities.arcana.EntityZelus
divinerpg,651,divinerpg.Roamer,net.divinerpg.entities.arcana.EntityRoamer
divinerpg,652,divinerpg.Seimer,net.divinerpg.entities.arcana.EntitySeimer
divinerpg,653,divinerpg.Paratiku,net.divinerpg.entities.arcana.EntityParatiku
divinerpg,654,divinerpg.Wraith,net.divinerpg.entities.arcana.EntityWraith
divinerpg,655,divinerpg.Fyracryx,net.divinerpg.entities.arcana.EntityFyracryx
divinerpg,656,divinerpg.GolemOfRejuv,net.divinerpg.entities.arcana.EntityGolemOfRejuv
gadomancy,0,gadomancy.EntityPermItem,makeo.gadomancy.common.entities.EntityPermNoClipItem
gadomancy,1,gadomancy.EntityAuraCore,makeo.gadomancy.common.entities.EntityAuraCore
gadomancy,2,gadomancy.FakePlayerEntity,makeo.gadomancy.common.entities.player.FakePlayerEntity
gadomancy,3,gadomancy.EntityItemElement,makeo.gadomancy.common.entities.EntityItemElement
modularui2,0,modularui2.modular_screen,com.cleanroommc.modularui.holoui.HoloScreenEntity
witchery,92,witchery.demon,com.emoniph.witchery.entity.EntityDemon
witchery,93,witchery.broom,com.emoniph.witchery.entity.EntityBroom
witchery,94,witchery.brew,com.emoniph.witchery.entity.EntityWitchProjectile
witchery,95,witchery.familiar,com.emoniph.witchery.entity.EntityFamiliar
witchery,96,witchery.mandrake,com.emoniph.witchery.entity.EntityMandrake
witchery,97,witchery.treefyd,com.emoniph.witchery.entity.EntityTreefyd
witchery,98,witchery.hornedHuntsman,com.emoniph.witchery.entity.EntityHornedHuntsman
witchery,99,witchery.spellEffect,com.emoniph.witchery.entity.EntitySpellEffect
witchery,100,witchery.ent,com.emoniph.witchery.entity.EntityEnt
witchery,101,witchery.illusionCreeper,com.emoniph.witchery.entity.EntityIllusionCreeper
witchery,102,witchery.illusionSpider,com.emoniph.witchery.entity.EntityIllusionSpider
witchery,103,witchery.illusionZombie,com.emoniph.witchery.entity.EntityIllusionZombie
witchery,104,witchery.owl,com.emoniph.witchery.entity.EntityOwl
witchery,105,witchery.toad,com.emoniph.witchery.entity.EntityToad
witchery,106,witchery.cat,com.emoniph.witchery.entity.EntityWitchCat
witchery,107,witchery.louse,com.emoniph.witchery.entity.EntityParasyticLouse
witchery,108,witchery.eye,com.emoniph.witchery.entity.EntityEye
witchery,109,witchery.babayaga,com.emoniph.witchery.entity.EntityBabaYaga
witchery,110,witchery.covenwitch,com.emoniph.witchery.entity.EntityCovenWitch
witchery,111,witchery.corpse,com.emoniph.witchery.entity.EntityCorpse
witchery,112,witchery.nightmare,com.emoniph.witchery.entity.EntityNightmare
witchery,113,witchery.spectre,com.emoniph.witchery.entity.EntitySpectre
witchery,114,witchery.poltergeist,com.emoniph.witchery.entity.EntityPoltergeist
witchery,115,witchery.banshee,com.emoniph.witchery.entity.EntityBanshee
witchery,116,witchery.spirit,com.emoniph.witchery.entity.EntitySpirit
witchery,117,witchery.death,com.emoniph.witchery.entity.EntityDeath
witchery,118,witchery.bolt,com.emoniph.witchery.entity.EntityBolt
witchery,119,witchery.witchhunter,com.emoniph.witchery.entity.EntityWitchHunter
witchery,120,witchery.deathhorse,com.emoniph.witchery.entity.EntityDeathsHorse
witchery,121,witchery.lordoftorment,com.emoniph.witchery.entity.EntityLordOfTorment
witchery,122,witchery.soulfire,com.emoniph.witchery.entity.EntitySoulfire
witchery,123,witchery.imp,com.emoniph.witchery.entity.EntityImp
witchery,124,witchery.darkmark,com.emoniph.witchery.entity.EntityDarkMark
witchery,125,witchery.mindrake,com.emoniph.witchery.entity.EntityMindrake
witchery,126,witchery.goblin,com.emoniph.witchery.entity.EntityGoblin
witchery,127,witchery.goblinmog,com.emoniph.witchery.entity.EntityGoblinMog
witchery,128,witchery.goblingulg,com.emoniph.witchery.entity.EntityGoblinGulg
witchery,129,witchery.brew2,com.emoniph.witchery.brewing.EntityBrew
witchery,130,witchery.item,com.emoniph.witchery.entity.EntityItemWaystone
witchery,131,witchery.droplet,com.emoniph.witchery.brewing.EntityDroplet
witchery,132,witchery.splatter,com.emoniph.witchery.brewing.EntitySplatter
witchery,133,witchery.leonard,com.emoniph.witchery.entity.EntityLeonard
witchery,134,witchery.lostsoul,com.emoniph.witchery.entity.EntityLostSoul
witchery,135,witchery.wolfman,com.emoniph.witchery.entity.EntityWolfman
witchery,136,witchery.hellhound,com.emoniph.witchery.entity.EntityHellhound
witchery,137,witchery.werevillager,com.emoniph.witchery.entity.EntityVillagerWere
witchery,138,witchery.villageguard,com.emoniph.witchery.entity.EntityVillageGuard
witchery,139,witchery.vampire,com.emoniph.witchery.entity.EntityVampire
witchery,140,witchery.grenade,com.emoniph.witchery.entity.EntityGrenade
witchery,141,witchery.lilith,com.emoniph.witchery.entity.EntityLilith
witchery,142,witchery.follower,com.emoniph.witchery.entity.EntityFollower
witchery,143,witchery.wingedmonkey,com.emoniph.witchery.entity.EntityWingedMonkey
witchery,144,witchery.attackbat,com.emoniph.witchery.entity.EntityAttackBat
witchery,145,witchery.mirrorface,com.emoniph.witchery.entity.EntityMirrorFace
witchery,146,witchery.reflection,com.emoniph.witchery.entity.EntityReflection
