Class Name,Type
appeng.integration.modules.NEIHelpers.NEIAEShapedRecipeHandler,crafting
appeng.integration.modules.NEIHelpers.NEIAEShapelessRecipeHandler,crafting
appeng.integration.modules.NEIHelpers.NEIInscriberRecipeHandler,crafting
appeng.integration.modules.NEIHelpers.NEIWorldCraftingHandler,crafting
appeng.integration.modules.NEIHelpers.NEIGrinderRecipeHandler,crafting
appeng.integration.modules.NEIHelpers.NEIFacadeRecipeHandler,crafting
buildcraft.compat.nei.RecipeHandlerRefinery,crafting
buildcraft.compat.nei.RecipeHandlerAssemblyTable,crafting
buildcraft.compat.nei.RecipeHandlerIntegrationTable,crafting
com.creativemd.creativecore.api.nei.NEIRecipeInfoHandler,crafting
extracells.integration.nei.UniversalTerminalRecipe,crafting
fox.spiteful.avaritia.compat.nei.ExtremeShapedRecipeHandler,crafting
fox.spiteful.avaritia.compat.nei.ExtremeShapelessRecipeHandler,crafting
fox.spiteful.avaritia.compat.nei.CompressionHandler,crafting
hellfirepvp.beebetteratbees.client.gui.BBABGuiRecipeTreeHandler,crafting
gcewing.projectblue.nei.NEIRecipeHandler,crafting
codechicken.nei.recipe.ShapedRecipeHandler,crafting
codechicken.nei.recipe.ShapelessRecipeHandler,crafting
codechicken.nei.recipe.FireworkRecipeHandler,crafting
codechicken.nei.recipe.FurnaceRecipeHandler,crafting
codechicken.nei.recipe.BrewingRecipeHandler,crafting
codechicken.nei.recipe.FuelRecipeHandler,crafting
codechicken.nei.recipe.ProfilerRecipeHandler,crafting
codechicken.nei.recipe.ItemsHistoryHandler,crafting
cofh.thermaldynamics.plugins.nei.RecipeHandlerCover,crafting
blusunrize.immersiveengineering.client.nei.NEIShaderBagHandler,crafting
tconstruct.plugins.nei.RecipeHandlerDryingRack,crafting
ic2.neiIntegration.core.recipehandler.AdvRecipeHandler,crafting
blusunrize.immersiveengineering.client.nei.NEIBlueprintHandler,crafting
mrtjp.projectred.core.libmc.recipe.PRShapedRecipeHandler,crafting
mrtjp.projectred.core.libmc.recipe.PRShapelessRecipeHandler,crafting
WayofTime.alchemicalWizardry.client.nei.NEIAltarRecipeHandler,crafting
ic2.neiIntegration.core.recipehandler.AdvShapelessRecipeHandler,crafting
exter.fodc.nei.ODCRecipeHandler,crafting
blusunrize.immersiveengineering.client.nei.NEICokeOvenHandler,crafting
tconstruct.plugins.nei.RecipeHandlerToolMaterials,crafting
com.jaquadro.minecraft.storagedrawers.integration.notenoughitems.UpgradeItemRecipeHandler,crafting
cofh.thermalexpansion.plugins.nei.handlers.RecipeHandlerCraftingMachine,crafting
net.darkhax.bookshelf.client.nei.DescriptionHandler,crafting
ic2.neiIntegration.core.recipehandler.MaceratorRecipeHandler,crafting
ic2.neiIntegration.core.recipehandler.ExtractorRecipeHandler,crafting
blusunrize.immersiveengineering.client.nei.NEIBlastFurnaceHandler,crafting
tconstruct.plugins.nei.RecipeHandlerMelting,crafting
forestry.factory.recipes.nei.NEIHandlerBottler,crafting
com.kuba6000.mobsinfo.nei.MobHandler,crafting
WayofTime.alchemicalWizardry.client.nei.NEIBloodOrbShapedHandler,crafting
ic2.neiIntegration.core.recipehandler.CompressorRecipeHandler,crafting
crazypants.enderio.nei.AlloySmelterRecipeHandler,crafting
cofh.thermalexpansion.plugins.nei.handlers.RecipeHandlerCraftingUpgrade,crafting
forestry.factory.recipes.nei.NEIHandlerCarpenter,crafting
blusunrize.immersiveengineering.client.nei.NEISqueezerHandler,crafting
tconstruct.plugins.nei.RecipeHandlerAlloying,crafting
WayofTime.alchemicalWizardry.client.nei.NEIBloodOrbShapelessHandler,crafting
blusunrize.immersiveengineering.client.nei.NEIFermenterHandler,crafting
ic2.neiIntegration.core.recipehandler.ScrapboxRecipeHandler,crafting
com.kuba6000.mobsinfo.nei.VillagerTradesHandler,crafting
cofh.thermalexpansion.plugins.nei.handlers.RecipeHandlerCraftingSecure,crafting
forestry.factory.recipes.nei.NEIHandlerCentrifuge,crafting
WayofTime.alchemicalWizardry.client.nei.NEIBindingRitualHandler,crafting
blusunrize.immersiveengineering.client.nei.NEIRefineryHandler,crafting
tconstruct.plugins.nei.RecipeHandlerCastingTable,crafting
tconstruct.plugins.nei.RecipeHandlerCastingBasin,crafting
ic2.neiIntegration.core.recipehandler.MetalFormerRecipeHandlerExtruding,crafting
crazypants.enderio.nei.SagMillRecipeHandler,crafting
ic2.neiIntegration.core.recipehandler.MetalFormerRecipeHandlerCutting,crafting
forestry.factory.recipes.nei.NEIHandlerFabricator,crafting
ic2.neiIntegration.core.recipehandler.MetalFormerRecipeHandlerRolling,crafting
team.chisel.compat.nei.RecipeHandlerChisel,crafting
vazkii.botania.client.integration.nei.recipe.RecipeHandlerFloatingFlowers,crafting
blusunrize.immersiveengineering.client.nei.NEIBottlingMachineHandler,crafting
cofh.thermalexpansion.plugins.nei.handlers.RecipeHandlerFurnace,crafting
ic2.neiIntegration.core.recipehandler.CentrifugeRecipeHandler,crafting
vazkii.botania.client.integration.nei.recipe.RecipeHandlerPetalApothecary,crafting
tonius.neiintegration.mods.mcforge.RecipeHandlerFluidRegistry,crafting
forestry.factory.recipes.nei.NEIHandlerFermenter,crafting
vazkii.botania.client.integration.nei.recipe.RecipeHandlerRunicAltar,crafting
forestry.factory.recipes.nei.NEIHandlerMoistener,crafting
cofh.thermalexpansion.plugins.nei.handlers.RecipeHandlerPulverizer,crafting
blusunrize.immersiveengineering.client.nei.NEIMetalPressHandler,crafting
tonius.neiintegration.mods.mcforge.RecipeHandlerOreDictionary,crafting
forestry.factory.recipes.nei.NEIHandlerSqueezer,crafting
forestry.factory.recipes.nei.NEIHandlerStill,crafting
ic2.neiIntegration.core.recipehandler.BlockCutterRecipeHandler,crafting
crazypants.enderio.nei.VatRecipeHandler,crafting
vazkii.botania.client.integration.nei.recipe.RecipeHandlerManaPool,crafting
blusunrize.immersiveengineering.client.nei.NEICrusherHandler,crafting
cofh.thermalexpansion.plugins.nei.handlers.RecipeHandlerSawmill,crafting
ic2.neiIntegration.core.recipehandler.OreWashingRecipeHandler,crafting
cofh.thermalexpansion.plugins.nei.handlers.RecipeHandlerSmelter,crafting
vazkii.botania.client.integration.nei.recipe.RecipeHandlerElvenTrade,crafting
ic2.neiIntegration.core.recipehandler.SolidCannerRecipeHandler,crafting
cofh.thermalexpansion.plugins.nei.handlers.RecipeHandlerCrucible,crafting
crazypants.enderio.nei.EnchanterRecipeHandler,crafting
vazkii.botania.client.integration.nei.recipe.RecipeHandlerBrewery,crafting
ic2.neiIntegration.core.recipehandler.BlastFurnaceRecipeHandler,crafting
ic2.neiIntegration.core.recipehandler.LatheRecipeHandler,crafting
cofh.thermalexpansion.plugins.nei.handlers.RecipeHandlerTransposer,crafting
binnie.genetics.nei.IsolatorRecipeHandler,crafting
advsolar.client.nei.MTRecipeHandler,crafting
binnie.genetics.nei.SequencerRecipeHandler,crafting
cofh.thermalexpansion.plugins.nei.handlers.RecipeHandlerInsolator,crafting
vazkii.botania.client.integration.nei.recipe.RecipeHandlerPureDaisy,crafting
cofh.thermalexpansion.plugins.nei.handlers.RecipeHandlerCharger,crafting
ic2.neiIntegration.core.recipehandler.FluidCannerRecipeHandler,crafting
binnie.genetics.nei.PolymeriserRecipeHandler,crafting
vazkii.botania.client.integration.nei.recipe.RecipeHandlerLexicaBotania,crafting
crazypants.enderio.nei.SliceAndSpliceRecipeHandler,crafting
net.bdew.neiaddons.botany.flowers.FlowerBreedingHandler,crafting
binnie.genetics.nei.InoculatorRecipeHandler,crafting
crazypants.enderio.nei.SoulBinderRecipeHandler,crafting
com.djgiannuzz.thaumcraftneiplugin.nei.recipehandler.ArcaneShapedRecipeHandler,crafting
binnie.extratrees.nei.NEIHandlerLumbermill,crafting
binnie.genetics.nei.AnalyserRecipeHandler,crafting
binnie.genetics.nei.IncubatorRecipeHandler,crafting
com.djgiannuzz.thaumcraftneiplugin.nei.recipehandler.ArcaneShapelessRecipeHandler,crafting
binnie.genetics.nei.GenepoolRecipeHandler,crafting
com.djgiannuzz.thaumcraftneiplugin.nei.recipehandler.CrucibleRecipeHandler,crafting
com.emoniph.witchery.integration.NEIWitchesOvenRecipeHandler,crafting
tonius.neiintegration.mods.bigreactors.RecipeHandlerCyaniteReprocessor,crafting
tonius.neiintegration.mods.minefactoryreloaded.RecipeHandlerBioReactor,crafting
com.emoniph.witchery.integration.NEIDistilleryRecipeHandler,crafting
com.djgiannuzz.thaumcraftneiplugin.nei.recipehandler.InfusionRecipeHandler,crafting
com.emoniph.witchery.integration.NEIKettleRecipeHandler,crafting
binnie.genetics.nei.AcclimatiserRecipeHandler,crafting
tonius.neiintegration.mods.minefactoryreloaded.RecipeHandlerComposter,crafting
com.djgiannuzz.thaumcraftneiplugin.nei.recipehandler.AspectRecipeHandler,crafting
com.emoniph.witchery.integration.NEICauldronRecipeHandler,crafting
binnie.genetics.nei.SplicerRecipeHandler,crafting
net.bdew.neiaddons.forestry.bees.BeeBreedingHandler,crafting
tonius.neiintegration.mods.minefactoryreloaded.RecipeHandlerGrinder,crafting
com.emoniph.witchery.integration.NEISpinningWheelRecipeHandler,crafting
binnie.genetics.nei.DatabaseRecipeHandler,crafting
tonius.neiintegration.mods.minefactoryreloaded.RecipeHandlerHarvester,crafting
net.bdew.neiaddons.forestry.bees.BeeProduceHandler,crafting
blockrenderer6343.integration.structurelib.StructureCompatNEIHandler,crafting
com.rwtema.extrautils.nei.EnderConstructorHandler,crafting
tonius.neiintegration.mods.minefactoryreloaded.RecipeHandlerLaserDrill,crafting
com.rwtema.extrautils.nei.InfoHandler,crafting
com.rwtema.extrautils.nei.SoulHandler,crafting
tonius.neiintegration.mods.minefactoryreloaded.RecipeHandlerLavaFabricator,crafting
com.rwtema.extrautils.nei.FMPMicroBlocksHandler,crafting
tonius.neiintegration.mods.minefactoryreloaded.RecipeHandlerMeatPacker,crafting
tonius.neiintegration.mods.minefactoryreloaded.RecipeHandlerSewer,crafting
com.rwtema.extrautils.nei.MicroBlocksHandler,crafting
net.bdew.neiaddons.forestry.trees.TreeBreedingHandler,crafting
net.bdew.neiaddons.forestry.trees.TreeProduceHandler,crafting
tonius.neiintegration.mods.minefactoryreloaded.RecipeHandlerSlaughterhouse,crafting
tonius.neiintegration.mods.minefactoryreloaded.RecipeHandlerSludgeBoiler,crafting
net.bdew.neiaddons.forestry.butterflies.ButterflyBreedingHandler,crafting
tonius.neiintegration.mods.railcraft.RecipeHandlerBlastFurnace,crafting
tonius.neiintegration.mods.railcraft.RecipeHandlerCokeOven,crafting
tonius.neiintegration.mods.railcraft.RecipeHandlerRockCrusher,crafting
tonius.neiintegration.mods.railcraft.RecipeHandlerRollingMachineShaped,crafting
tonius.neiintegration.mods.railcraft.RecipeHandlerRollingMachineShapeless,crafting
appeng.integration.modules.NEIHelpers.NEIAEShapedRecipeHandler,usage
appeng.integration.modules.NEIHelpers.NEIAEShapelessRecipeHandler,usage
appeng.integration.modules.NEIHelpers.NEIInscriberRecipeHandler,usage
appeng.integration.modules.NEIHelpers.NEIWorldCraftingHandler,usage
appeng.integration.modules.NEIHelpers.NEIGrinderRecipeHandler,usage
appeng.integration.modules.NEIHelpers.NEIFacadeRecipeHandler,usage
buildcraft.compat.nei.RecipeHandlerRefinery,usage
buildcraft.compat.nei.RecipeHandlerAssemblyTable,usage
buildcraft.compat.nei.RecipeHandlerIntegrationTable,usage
com.creativemd.creativecore.api.nei.NEIRecipeInfoHandler,usage
extracells.integration.nei.UniversalTerminalRecipe,usage
fox.spiteful.avaritia.compat.nei.ExtremeShapedRecipeHandler,usage
fox.spiteful.avaritia.compat.nei.ExtremeShapelessRecipeHandler,usage
fox.spiteful.avaritia.compat.nei.CompressionHandler,usage
hellfirepvp.beebetteratbees.client.gui.BBABGuiRecipeTreeHandler,usage
gcewing.projectblue.nei.NEIRecipeHandler,usage
codechicken.nei.recipe.ShapedRecipeHandler,usage
codechicken.nei.recipe.ShapelessRecipeHandler,usage
codechicken.nei.recipe.FireworkRecipeHandler,usage
codechicken.nei.recipe.FurnaceRecipeHandler,usage
codechicken.nei.recipe.BrewingRecipeHandler,usage
codechicken.nei.recipe.FuelRecipeHandler,usage
codechicken.nei.recipe.ProfilerRecipeHandler,usage
codechicken.nei.recipe.ItemsHistoryHandler,usage
cofh.thermaldynamics.plugins.nei.RecipeHandlerCover,usage
blusunrize.immersiveengineering.client.nei.NEIShaderBagHandler,usage
mrtjp.projectred.core.libmc.recipe.PRShapedRecipeHandler,usage
tconstruct.plugins.nei.RecipeHandlerDryingRack,usage
ic2.neiIntegration.core.recipehandler.AdvRecipeHandler,usage
blusunrize.immersiveengineering.client.nei.NEIBlueprintHandler,usage
mrtjp.projectred.core.libmc.recipe.PRShapelessRecipeHandler,usage
WayofTime.alchemicalWizardry.client.nei.NEIAltarRecipeHandler,usage
ic2.neiIntegration.core.recipehandler.AdvShapelessRecipeHandler,usage
exter.fodc.nei.ODCRecipeHandler,usage
blusunrize.immersiveengineering.client.nei.NEICokeOvenHandler,usage
tconstruct.plugins.nei.RecipeHandlerToolMaterials,usage
cofh.thermalexpansion.plugins.nei.handlers.RecipeHandlerCraftingMachine,usage
net.darkhax.bookshelf.client.nei.DescriptionHandler,usage
ic2.neiIntegration.core.recipehandler.MaceratorRecipeHandler,usage
ic2.neiIntegration.core.recipehandler.ExtractorRecipeHandler,usage
blusunrize.immersiveengineering.client.nei.NEIBlastFurnaceHandler,usage
tconstruct.plugins.nei.RecipeHandlerMelting,usage
forestry.factory.recipes.nei.NEIHandlerBottler,usage
WayofTime.alchemicalWizardry.client.nei.NEIBloodOrbShapedHandler,usage
ic2.neiIntegration.core.recipehandler.CompressorRecipeHandler,usage
crazypants.enderio.nei.AlloySmelterRecipeHandler,usage
com.kuba6000.mobsinfo.nei.MobHandler,usage
cofh.thermalexpansion.plugins.nei.handlers.RecipeHandlerCraftingUpgrade,usage
forestry.factory.recipes.nei.NEIHandlerCarpenter,usage
blusunrize.immersiveengineering.client.nei.NEISqueezerHandler,usage
tconstruct.plugins.nei.RecipeHandlerAlloying,usage
WayofTime.alchemicalWizardry.client.nei.NEIBloodOrbShapelessHandler,usage
blusunrize.immersiveengineering.client.nei.NEIFermenterHandler,usage
ic2.neiIntegration.core.recipehandler.ScrapboxRecipeHandler,usage
cofh.thermalexpansion.plugins.nei.handlers.RecipeHandlerCraftingSecure,usage
forestry.factory.recipes.nei.NEIHandlerCentrifuge,usage
com.kuba6000.mobsinfo.nei.VillagerTradesHandler,usage
WayofTime.alchemicalWizardry.client.nei.NEIBindingRitualHandler,usage
blusunrize.immersiveengineering.client.nei.NEIRefineryHandler,usage
tconstruct.plugins.nei.RecipeHandlerCastingTable,usage
tconstruct.plugins.nei.RecipeHandlerCastingBasin,usage
ic2.neiIntegration.core.recipehandler.MetalFormerRecipeHandlerExtruding,usage
crazypants.enderio.nei.SagMillRecipeHandler,usage
ic2.neiIntegration.core.recipehandler.MetalFormerRecipeHandlerCutting,usage
forestry.factory.recipes.nei.NEIHandlerFabricator,usage
ic2.neiIntegration.core.recipehandler.MetalFormerRecipeHandlerRolling,usage
team.chisel.compat.nei.RecipeHandlerChisel,usage
vazkii.botania.client.integration.nei.recipe.RecipeHandlerFloatingFlowers,usage
blusunrize.immersiveengineering.client.nei.NEIBottlingMachineHandler,usage
cofh.thermalexpansion.plugins.nei.handlers.RecipeHandlerFurnace,usage
ic2.neiIntegration.core.recipehandler.CentrifugeRecipeHandler,usage
vazkii.botania.client.integration.nei.recipe.RecipeHandlerPetalApothecary,usage
tonius.neiintegration.mods.mcforge.RecipeHandlerFluidRegistry,usage
forestry.factory.recipes.nei.NEIHandlerFermenter,usage
vazkii.botania.client.integration.nei.recipe.RecipeHandlerRunicAltar,usage
forestry.factory.recipes.nei.NEIHandlerMoistener,usage
cofh.thermalexpansion.plugins.nei.handlers.RecipeHandlerPulverizer,usage
blusunrize.immersiveengineering.client.nei.NEIMetalPressHandler,usage
tonius.neiintegration.mods.mcforge.RecipeHandlerOreDictionary,usage
forestry.factory.recipes.nei.NEIHandlerSqueezer,usage
forestry.factory.recipes.nei.NEIHandlerStill,usage
ic2.neiIntegration.core.recipehandler.BlockCutterRecipeHandler,usage
crazypants.enderio.nei.VatRecipeHandler,usage
vazkii.botania.client.integration.nei.recipe.RecipeHandlerManaPool,usage
blusunrize.immersiveengineering.client.nei.NEICrusherHandler,usage
cofh.thermalexpansion.plugins.nei.handlers.RecipeHandlerSawmill,usage
ic2.neiIntegration.core.recipehandler.OreWashingRecipeHandler,usage
cofh.thermalexpansion.plugins.nei.handlers.RecipeHandlerSmelter,usage
vazkii.botania.client.integration.nei.recipe.RecipeHandlerElvenTrade,usage
ic2.neiIntegration.core.recipehandler.SolidCannerRecipeHandler,usage
cofh.thermalexpansion.plugins.nei.handlers.RecipeHandlerCrucible,usage
crazypants.enderio.nei.EnchanterRecipeHandler,usage
vazkii.botania.client.integration.nei.recipe.RecipeHandlerBrewery,usage
ic2.neiIntegration.core.recipehandler.BlastFurnaceRecipeHandler,usage
ic2.neiIntegration.core.recipehandler.LatheRecipeHandler,usage
cofh.thermalexpansion.plugins.nei.handlers.RecipeHandlerTransposer,usage
binnie.genetics.nei.IsolatorRecipeHandler,usage
advsolar.client.nei.MTRecipeHandler,usage
binnie.genetics.nei.SequencerRecipeHandler,usage
cofh.thermalexpansion.plugins.nei.handlers.RecipeHandlerInsolator,usage
vazkii.botania.client.integration.nei.recipe.RecipeHandlerPureDaisy,usage
cofh.thermalexpansion.plugins.nei.handlers.RecipeHandlerCharger,usage
ic2.neiIntegration.core.recipehandler.FluidCannerRecipeHandler,usage
binnie.genetics.nei.PolymeriserRecipeHandler,usage
vazkii.botania.client.integration.nei.recipe.RecipeHandlerLexicaBotania,usage
crazypants.enderio.nei.SliceAndSpliceRecipeHandler,usage
net.bdew.neiaddons.botany.flowers.FlowerBreedingHandler,usage
binnie.genetics.nei.InoculatorRecipeHandler,usage
crazypants.enderio.nei.SoulBinderRecipeHandler,usage
com.djgiannuzz.thaumcraftneiplugin.nei.recipehandler.ArcaneShapedRecipeHandler,usage
binnie.extratrees.nei.NEIHandlerLumbermill,usage
binnie.genetics.nei.AnalyserRecipeHandler,usage
binnie.genetics.nei.IncubatorRecipeHandler,usage
com.djgiannuzz.thaumcraftneiplugin.nei.recipehandler.ArcaneShapelessRecipeHandler,usage
binnie.genetics.nei.GenepoolRecipeHandler,usage
com.djgiannuzz.thaumcraftneiplugin.nei.recipehandler.CrucibleRecipeHandler,usage
com.emoniph.witchery.integration.NEIWitchesOvenRecipeHandler,usage
tonius.neiintegration.mods.bigreactors.RecipeHandlerCyaniteReprocessor,usage
tonius.neiintegration.mods.minefactoryreloaded.RecipeHandlerBioReactor,usage
com.emoniph.witchery.integration.NEIDistilleryRecipeHandler,usage
com.djgiannuzz.thaumcraftneiplugin.nei.recipehandler.InfusionRecipeHandler,usage
binnie.genetics.nei.AcclimatiserRecipeHandler,usage
tonius.neiintegration.mods.minefactoryreloaded.RecipeHandlerComposter,usage
com.djgiannuzz.thaumcraftneiplugin.nei.recipehandler.AspectRecipeHandler,usage
com.emoniph.witchery.integration.NEICauldronRecipeHandler,usage
binnie.genetics.nei.SplicerRecipeHandler,usage
net.bdew.neiaddons.forestry.bees.BeeBreedingHandler,usage
tonius.neiintegration.mods.minefactoryreloaded.RecipeHandlerGrinder,usage
com.emoniph.witchery.integration.NEISpinningWheelRecipeHandler,usage
binnie.genetics.nei.DatabaseRecipeHandler,usage
tonius.neiintegration.mods.minefactoryreloaded.RecipeHandlerHarvester,usage
net.bdew.neiaddons.forestry.bees.BeeProduceHandler,usage
blockrenderer6343.integration.structurelib.StructureCompatNEIHandler,usage
com.rwtema.extrautils.nei.EnderConstructorHandler,usage
tonius.neiintegration.mods.minefactoryreloaded.RecipeHandlerLaserDrill,usage
com.rwtema.extrautils.nei.InfoHandler,usage
com.rwtema.extrautils.nei.SoulHandler,usage
tonius.neiintegration.mods.minefactoryreloaded.RecipeHandlerLavaFabricator,usage
com.rwtema.extrautils.nei.FMPMicroBlocksHandler,usage
tonius.neiintegration.mods.minefactoryreloaded.RecipeHandlerMeatPacker,usage
tonius.neiintegration.mods.minefactoryreloaded.RecipeHandlerSewer,usage
com.rwtema.extrautils.nei.MicroBlocksHandler,usage
net.bdew.neiaddons.forestry.trees.TreeBreedingHandler,usage
net.bdew.neiaddons.forestry.trees.TreeProduceHandler,usage
tonius.neiintegration.mods.minefactoryreloaded.RecipeHandlerSlaughterhouse,usage
tonius.neiintegration.mods.minefactoryreloaded.RecipeHandlerSludgeBoiler,usage
net.bdew.neiaddons.forestry.butterflies.ButterflyBreedingHandler,usage
tonius.neiintegration.mods.railcraft.RecipeHandlerBlastFurnace,usage
tonius.neiintegration.mods.railcraft.RecipeHandlerCokeOven,usage
tonius.neiintegration.mods.railcraft.RecipeHandlerRockCrusher,usage
tonius.neiintegration.mods.railcraft.RecipeHandlerRollingMachineShaped,usage
tonius.neiintegration.mods.railcraft.RecipeHandlerRollingMachineShapeless,usage
