Class Name,Registered Name
TileMultipart_cmp$$0,savedMultipart
TileMultipart_cmp$$1,savedMultipart
WayofTime.alchemicalWizardry.common.demonVillage.tileEntity.TEDemonChest,containerDemonChest
WayofTime.alchemicalWizardry.common.demonVillage.tileEntity.TEDemonPortal,containerDemonPortal
WayofTime.alchemicalWizardry.common.tileEntity.TEAlchemicCalcinator,containerAlchemicCalcinator
WayofTime.alchemicalWizardry.common.tileEntity.TEAltar,containerAltar
WayofTime.alchemicalWizardry.common.tileEntity.TEBellJar,containerBellJar
WayofTime.alchemicalWizardry.common.tileEntity.TEConduit,containerConduit
WayofTime.alchemicalWizardry.common.tileEntity.TECrucible,containerCrucible
WayofTime.alchemicalWizardry.common.tileEntity.TEHomHeart,containerHomHeart
WayofTime.alchemicalWizardry.common.tileEntity.TEMasterStone,containerMasterStone
WayofTime.alchemicalWizardry.common.tileEntity.TEMimicBlock,containerMimic
WayofTime.alchemicalWizardry.common.tileEntity.TEOrientable,containerOrientable
WayofTime.alchemicalWizardry.common.tileEntity.TEPedestal,containerPedestal
WayofTime.alchemicalWizardry.common.tileEntity.TEPlinth,containerPlinth
WayofTime.alchemicalWizardry.common.tileEntity.TEReagentConduit,containerReagentConduit
WayofTime.alchemicalWizardry.common.tileEntity.TESchematicSaver,containerSchematicSaver
WayofTime.alchemicalWizardry.common.tileEntity.TESocket,containerSocket
WayofTime.alchemicalWizardry.common.tileEntity.TESpectralBlock,containerSpectralBlock
WayofTime.alchemicalWizardry.common.tileEntity.TESpectralContainer,spectralContainerTileEntity
WayofTime.alchemicalWizardry.common.tileEntity.TESpellEffectBlock,containerSpellEffectBlock
WayofTime.alchemicalWizardry.common.tileEntity.TESpellEnhancementBlock,containerSpellEnhancementBlock
WayofTime.alchemicalWizardry.common.tileEntity.TESpellModifierBlock,containerSpellModifierBlock
WayofTime.alchemicalWizardry.common.tileEntity.TESpellParadigmBlock,containerSpellParadigmBlock
WayofTime.alchemicalWizardry.common.tileEntity.TETeleposer,containerTeleposer
WayofTime.alchemicalWizardry.common.tileEntity.TEWritingTable,containerWritingTable
advsolar.common.tiles.TileEntityAbsorbingSolarPanel,Absorbing Solar Panel
advsolar.common.tiles.TileEntityAdvancedSolarPanel,Advanced Solar Panel
advsolar.common.tiles.TileEntityCelestialGenerator,Celestial Generator
advsolar.common.tiles.TileEntityHybridSolarPanel,Hybrid Solar Panel
advsolar.common.tiles.TileEntityMolecularTransformer,Molecular Transformer
advsolar.common.tiles.TileEntityQGenerator,Quantum Generator
advsolar.common.tiles.TileEntityQuantumSolarPanel,Quantum Solar Panel
advsolar.common.tiles.TileEntityQuantumSuperSolarPanel,Quantum Super Solar Panel
advsolar.common.tiles.TileEntityQuantumUltimateSolarPanel,Quantum Ultimate Solar Panel
advsolar.common.tiles.TileEntitySpatialSolarPanel,Spatial Solar Panel
advsolar.common.tiles.TileEntityUltimateSolarPanel,Ultimate Hybrid Solar Panel
appeng.parts.layers.LayerIEnergyHandler_TileCableBus,BlockCableBus
appeng.parts.layers.LayerIEnergyHandler_TileCableBusTESR,ClientOnly_TESR_CableBus
appeng.tile.crafting.TileCraftingMonitorTile,BlockCraftingMonitor
appeng.tile.crafting.TileCraftingStorageTile,BlockCraftingStorage
appeng.tile.crafting.TileCraftingTile,BlockCraftingUnit
appeng.tile.crafting.TileMolecularAssembler,BlockMolecularAssembler
appeng.tile.grindstone.TileCrank,BlockCrank
appeng.tile.grindstone.TileGrinder,BlockGrinder
appeng.tile.misc.TileCellWorkbench,BlockCellWorkbench
appeng.tile.misc.TileCharger,BlockCharger
appeng.tile.misc.TileCondenser,BlockCondenser
appeng.tile.misc.TileInscriber,BlockInscriber
appeng.tile.misc.TileInterface,BlockInterface
appeng.tile.misc.TileLightDetector,BlockLightDetector
appeng.tile.misc.TilePaint,BlockPaint
appeng.tile.misc.TileQuartzGrowthAccelerator,BlockQuartzGrowthAccelerator
appeng.tile.misc.TileSecurity,BlockSecurity
appeng.tile.misc.TileSkyCompass,BlockSkyCompass
appeng.tile.misc.TileVibrationChamber,BlockVibrationChamber
appeng.tile.networking.TileController,BlockController
appeng.tile.networking.TileCreativeEnergyCell,BlockCreativeEnergyCell
appeng.tile.networking.TileDenseEnergyCell,BlockDenseEnergyCell
appeng.tile.networking.TileEnergyAcceptor,BlockEnergyAcceptor
appeng.tile.networking.TileEnergyCell,BlockEnergyCell
appeng.tile.networking.TileWireless,BlockWireless
appeng.tile.qnb.TileQuantumBridge,BlockQuantumLinkChamber
appeng.tile.spatial.TileSpatialIOPort,BlockSpatialIOPort
appeng.tile.spatial.TileSpatialPylon,BlockSpatialPylon
appeng.tile.storage.TileChest,BlockChest
appeng.tile.storage.TileDrive,BlockDrive
appeng.tile.storage.TileIOPort,BlockIOPort
appeng.tile.storage.TileSkyChest,BlockSkyChest
binnie.botany.flower.TileEntityFlower,botany.tile.flower
binnie.core.block.TileEntityMetadata,binnie.tile.metadata
binnie.core.machines.TileEntityMachine,binnie.tile.machine
binnie.extrabees.apiary.TileExtraBeeAlveary,extrabees.tile.alveary
blusunrize.immersiveengineering.common.blocks.BlockFakeLight$TileEntityFakeLight,ImmersiveEngineering:FakeLight
blusunrize.immersiveengineering.common.blocks.TileEntityIESlab,ImmersiveEngineering:IESlab
blusunrize.immersiveengineering.common.blocks.cloth.TileEntityBalloon,ImmersiveEngineering:Balloon
blusunrize.immersiveengineering.common.blocks.metal.TileEntityArcFurnace,ImmersiveEngineering:ArcFurnace
blusunrize.immersiveengineering.common.blocks.metal.TileEntityAssembler,ImmersiveEngineering:Assembler
blusunrize.immersiveengineering.common.blocks.metal.TileEntityBlastFurnacePreheater,ImmersiveEngineering:BlastFurnacePreheater
blusunrize.immersiveengineering.common.blocks.metal.TileEntityBottlingMachine,ImmersiveEngineering:BottlingMachine
blusunrize.immersiveengineering.common.blocks.metal.TileEntityBreakerSwitch,ImmersiveEngineering:BreakerSwitch
blusunrize.immersiveengineering.common.blocks.metal.TileEntityBucketWheel,ImmersiveEngineering:BucketWheel
blusunrize.immersiveengineering.common.blocks.metal.TileEntityCapacitorCreative,ImmersiveEngineering:CapacitorCreative
blusunrize.immersiveengineering.common.blocks.metal.TileEntityCapacitorHV,ImmersiveEngineering:CapacitorHV
blusunrize.immersiveengineering.common.blocks.metal.TileEntityCapacitorLV,ImmersiveEngineering:CapacitorLV
blusunrize.immersiveengineering.common.blocks.metal.TileEntityCapacitorMV,ImmersiveEngineering:CapacitorMV
blusunrize.immersiveengineering.common.blocks.metal.TileEntityChargingStation,ImmersiveEngineering:ChargingStation
blusunrize.immersiveengineering.common.blocks.metal.TileEntityConnectorHV,ImmersiveEngineering:ConnectorHV
blusunrize.immersiveengineering.common.blocks.metal.TileEntityConnectorLV,ImmersiveEngineering:ConnectorLV
blusunrize.immersiveengineering.common.blocks.metal.TileEntityConnectorMV,ImmersiveEngineering:ConnectorMV
blusunrize.immersiveengineering.common.blocks.metal.TileEntityConnectorStructural,ImmersiveEngineering:ConnectorStructural
blusunrize.immersiveengineering.common.blocks.metal.TileEntityConveyorBelt,ImmersiveEngineering:ConveyorBelt
blusunrize.immersiveengineering.common.blocks.metal.TileEntityConveyorSorter,ImmersiveEngineering:ConveyorSorter
blusunrize.immersiveengineering.common.blocks.metal.TileEntityCrusher,ImmersiveEngineering:Crusher
blusunrize.immersiveengineering.common.blocks.metal.TileEntityDieselGenerator,ImmersiveEngineering:DieselGenerator
blusunrize.immersiveengineering.common.blocks.metal.TileEntityDynamo,ImmersiveEngineering:Dynamo
blusunrize.immersiveengineering.common.blocks.metal.TileEntityElectricLantern,ImmersiveEngineering:ElectricLantern
blusunrize.immersiveengineering.common.blocks.metal.TileEntityEnergyMeter,ImmersiveEngineering:EnergyMeter
blusunrize.immersiveengineering.common.blocks.metal.TileEntityExcavator,ImmersiveEngineering:Excavator
blusunrize.immersiveengineering.common.blocks.metal.TileEntityFermenter,ImmersiveEngineering:Fermenter
blusunrize.immersiveengineering.common.blocks.metal.TileEntityFloodlight,ImmersiveEngineering:Floodlight
blusunrize.immersiveengineering.common.blocks.metal.TileEntityFluidPipe,ImmersiveEngineering:FluidPipe
blusunrize.immersiveengineering.common.blocks.metal.TileEntityFluidPump,ImmersiveEngineering:FluidPump
blusunrize.immersiveengineering.common.blocks.metal.TileEntityFurnaceHeater,ImmersiveEngineering:FurnaceHeater
blusunrize.immersiveengineering.common.blocks.metal.TileEntityLantern,ImmersiveEngineering:Lantern
blusunrize.immersiveengineering.common.blocks.metal.TileEntityLightningRod,ImmersiveEngineering:LightningRod
blusunrize.immersiveengineering.common.blocks.metal.TileEntityMetalBarrel,ImmersiveEngineering:MetalBarrel
blusunrize.immersiveengineering.common.blocks.metal.TileEntityMetalPress,ImmersiveEngineering:MetalPress
blusunrize.immersiveengineering.common.blocks.metal.TileEntityRedstoneBreaker,ImmersiveEngineering:RedstoneBreaker
blusunrize.immersiveengineering.common.blocks.metal.TileEntityRefinery,ImmersiveEngineering:Refinery
blusunrize.immersiveengineering.common.blocks.metal.TileEntityRelayHV,ImmersiveEngineering:RelayHV
blusunrize.immersiveengineering.common.blocks.metal.TileEntitySampleDrill,ImmersiveEngineering:SampleDrill
blusunrize.immersiveengineering.common.blocks.metal.TileEntitySheetmetalTank,ImmersiveEngineering:SheetmetalTank
blusunrize.immersiveengineering.common.blocks.metal.TileEntitySilo,ImmersiveEngineering:Silo
blusunrize.immersiveengineering.common.blocks.metal.TileEntitySkycrateDispenser,ImmersiveEngineering:SkycrateDispenser
blusunrize.immersiveengineering.common.blocks.metal.TileEntitySqueezer,ImmersiveEngineering:Squeezer
blusunrize.immersiveengineering.common.blocks.metal.TileEntityStructuralArm,ImmersiveEngineering:StructuralArm
blusunrize.immersiveengineering.common.blocks.metal.TileEntityThermoelectricGen,ImmersiveEngineering:ThermoelectricGen
blusunrize.immersiveengineering.common.blocks.metal.TileEntityTransformer,ImmersiveEngineering:Transformer
blusunrize.immersiveengineering.common.blocks.metal.TileEntityTransformerHV,ImmersiveEngineering:TransformerHV
blusunrize.immersiveengineering.common.blocks.metal.TileEntityWallmountMetal,ImmersiveEngineering:WallmountMetal
blusunrize.immersiveengineering.common.blocks.stone.TileEntityBlastFurnace,ImmersiveEngineering:BlastFurnace
blusunrize.immersiveengineering.common.blocks.stone.TileEntityBlastFurnaceAdvanced,ImmersiveEngineering:BlastFurnaceAdvanced
blusunrize.immersiveengineering.common.blocks.stone.TileEntityCokeOven,ImmersiveEngineering:CokeOven
blusunrize.immersiveengineering.common.blocks.wooden.TileEntityModWorkbench,ImmersiveEngineering:ModWorkbench
blusunrize.immersiveengineering.common.blocks.wooden.TileEntityWallmount,ImmersiveEngineering:Wallmount
blusunrize.immersiveengineering.common.blocks.wooden.TileEntityWatermill,ImmersiveEngineering:Watermill
blusunrize.immersiveengineering.common.blocks.wooden.TileEntityWindmill,ImmersiveEngineering:Windmill
blusunrize.immersiveengineering.common.blocks.wooden.TileEntityWindmillAdvanced,ImmersiveEngineering:WindmillAdvanced
blusunrize.immersiveengineering.common.blocks.wooden.TileEntityWoodenBarrel,ImmersiveEngineering:WoodenBarrel
blusunrize.immersiveengineering.common.blocks.wooden.TileEntityWoodenCrate,ImmersiveEngineering:WoodenCrate
blusunrize.immersiveengineering.common.blocks.wooden.TileEntityWoodenPost,ImmersiveEngineering:WoodenPost
buildcraft.builders.TileArchitect,net.minecraft.src.builders.TileTemplate
buildcraft.builders.TileBlueprintLibrary,net.minecraft.src.builders.TileBlueprintLibrary
buildcraft.builders.TileBuilder,net.minecraft.src.builders.TileBuilder
buildcraft.builders.TileConstructionMarker,net.minecraft.src.builders.TileConstructionMarker
buildcraft.builders.TileFiller,Filler
buildcraft.builders.TileQuarryCompat,Machine
buildcraft.core.TileEngineWood,net.minecraft.src.buildcraft.energy.TileEngineWood
buildcraft.core.TileMarker,Marker
buildcraft.core.TilePathMarker,net.minecraft.src.builders.TilePathMarker
buildcraft.energy.TileEngineCreative,net.minecraft.src.buildcraft.energy.TileEngineCreative
buildcraft.energy.TileEngineIron,net.minecraft.src.buildcraft.energy.TileEngineIron
buildcraft.energy.TileEngineStone,net.minecraft.src.buildcraft.energy.TileEngineStone
buildcraft.factory.TileAutoWorkbench,AutoWorkbench
buildcraft.factory.TileFloodGate,net.minecraft.src.buildcraft.factory.TileFloodGate
buildcraft.factory.TileHopper,net.minecraft.src.buildcraft.factory.TileHopper
buildcraft.factory.TileMiningWellCompat,MiningWell
buildcraft.factory.TilePump,net.minecraft.src.buildcraft.factory.TilePump
buildcraft.factory.TileRefinery,net.minecraft.src.buildcraft.factory.Refinery
buildcraft.factory.TileTank,net.minecraft.src.buildcraft.factory.TileTank
buildcraft.robotics.TileRequester,net.minecraft.src.buildcraft.commander.TileRequester
buildcraft.robotics.TileZonePlan,net.minecraft.src.buildcraft.commander.TileZonePlan
buildcraft.silicon.TileAdvancedCraftingTable,net.minecraft.src.buildcraft.factory.TileAssemblyAdvancedWorkbench
buildcraft.silicon.TileAssemblyTable,net.minecraft.src.buildcraft.factory.TileAssemblyTable
buildcraft.silicon.TileChargingTable,net.minecraft.src.buildcraft.factory.TileChargingTable
buildcraft.silicon.TileIntegrationTable,net.minecraft.src.buildcraft.factory.TileIntegrationTable
buildcraft.silicon.TileLaser,net.minecraft.src.buildcraft.factory.TileLaser
buildcraft.silicon.TilePackager,buildcraft.TilePackager
buildcraft.silicon.TileProgrammingTable,net.minecraft.src.buildcraft.factory.TileProgrammingTable
buildcraft.silicon.TileStampingTable,buildcraft.TileStampingTable
buildcraft.transport.TileFilteredBuffer,net.minecraft.src.buildcraft.transport.TileFilteredBuffer
buildcraft.transport.TileGenericPipeCompat,net.minecraft.src.buildcraft.transport.GenericPipe
cofh.thermaldynamics.block.TileTDBase,thermaldynamics.Duct
cofh.thermaldynamics.duct.TileStructuralDuct,thermaldynamics.StructuralDuct
cofh.thermaldynamics.duct.energy.TileEnergyDuct,thermaldynamics.FluxDuct
cofh.thermaldynamics.duct.energy.TileEnergyDuctSuper,thermaldynamics.FluxDuctSuperConductor
cofh.thermaldynamics.duct.entity.TileTransportDuct,thermaldynamics.TransportDuct
cofh.thermaldynamics.duct.entity.TileTransportDuctCrossover,thermaldynamics.TransportDuctCrossover
cofh.thermaldynamics.duct.entity.TileTransportDuctLongRange,thermaldynamics.TransportDuctLongRange
cofh.thermaldynamics.duct.fluid.TileFluidDuct,thermaldynamics.FluidDuct
cofh.thermaldynamics.duct.fluid.TileFluidDuctFlux,thermaldynamics.FluidDuctFlux
cofh.thermaldynamics.duct.fluid.TileFluidDuctFragile,thermaldynamics.FluidDuctFragile
cofh.thermaldynamics.duct.fluid.TileFluidDuctSuper,thermaldynamics.FluidDuctSuper
cofh.thermaldynamics.duct.item.TileItemDuct,thermaldynamics.ItemDuct
cofh.thermaldynamics.duct.item.TileItemDuctEnder,thermaldynamics.ItemDuctEnder
cofh.thermaldynamics.duct.item.TileItemDuctFlux,thermaldynamics.ItemDuctFlux
cofh.thermaldynamics.duct.light.TileLightDuct,thermaldynamics.LightDuct
cofh.thermalexpansion.block.cache.TileCache,thermalexpansion.Cache
cofh.thermalexpansion.block.cell.TileCell,thermalexpansion.Cell
cofh.thermalexpansion.block.cell.TileCellCreative,thermalexpansion.CellCreative
cofh.thermalexpansion.block.device.TileActivator,thermalexpansion.Activator
cofh.thermalexpansion.block.device.TileBreaker,thermalexpansion.Breaker
cofh.thermalexpansion.block.device.TileBuffer,thermalexpansion.Buffer
cofh.thermalexpansion.block.device.TileCollector,thermalexpansion.Collector
cofh.thermalexpansion.block.device.TileExtender,thermalexpansion.Extender
cofh.thermalexpansion.block.device.TileNullifier,thermalexpansion.Nullifier
cofh.thermalexpansion.block.device.TileWorkbenchFalse,thermalexpansion.Workbench
cofh.thermalexpansion.block.dynamo.TileDynamoCompression,thermalexpansion.DynamoCompression
cofh.thermalexpansion.block.dynamo.TileDynamoEnervation,thermalexpansion.DynamoEnervation
cofh.thermalexpansion.block.dynamo.TileDynamoMagmatic,thermalexpansion.DynamoMagmatic
cofh.thermalexpansion.block.dynamo.TileDynamoReactant,thermalexpansion.DynamoReactant
cofh.thermalexpansion.block.dynamo.TileDynamoSteam,thermalexpansion.DynamoSteam
cofh.thermalexpansion.block.ender.TileTesseract,thermalexpansion.Tesseract
cofh.thermalexpansion.block.light.TileLight,thermalexpansion.Light
cofh.thermalexpansion.block.light.TileLightFalse,thermalexpansion.LightFalse
cofh.thermalexpansion.block.machine.TileAccumulator,thermalexpansion.Accumulator
cofh.thermalexpansion.block.machine.TileAssembler,thermalexpansion.Assembler
cofh.thermalexpansion.block.machine.TileCharger,thermalexpansion.Charger
cofh.thermalexpansion.block.machine.TileCrucible,thermalexpansion.Crucible
cofh.thermalexpansion.block.machine.TileExtruder,thermalexpansion.Extruder
cofh.thermalexpansion.block.machine.TileFurnace,thermalexpansion.Furnace
cofh.thermalexpansion.block.machine.TileInsolator,thermalexpansion.Insolator
cofh.thermalexpansion.block.machine.TilePrecipitator,thermalexpansion.Precipitator
cofh.thermalexpansion.block.machine.TilePulverizer,thermalexpansion.Pulverizer
cofh.thermalexpansion.block.machine.TileSawmill,thermalexpansion.Sawmill
cofh.thermalexpansion.block.machine.TileSmelter,thermalexpansion.Smelter
cofh.thermalexpansion.block.machine.TileTransposer,thermalexpansion.Transposer
cofh.thermalexpansion.block.plate.TilePlateBase,cofh.thermalexpansion.PlateFrame
cofh.thermalexpansion.block.plate.TilePlateCharge,cofh.thermalexpansion.PlateCharger
cofh.thermalexpansion.block.plate.TilePlateExcursion,cofh.thermalexpansion.PlateExcursion
cofh.thermalexpansion.block.plate.TilePlateImpulse,cofh.thermalexpansion.PlateImpulse
cofh.thermalexpansion.block.plate.TilePlateSignal,cofh.thermalexpansion.PlateSignal
cofh.thermalexpansion.block.plate.TilePlateTeleporter,cofh.thermalexpansion.PlateTeleporter
cofh.thermalexpansion.block.plate.TilePlateTranslocate,cofh.thermalexpansion.PlateTranslocate
cofh.thermalexpansion.block.sponge.TileSponge,thermalexpansion.Sponge
cofh.thermalexpansion.block.sponge.TileSpongeCreative,thermalexpansion.SpongeCreative
cofh.thermalexpansion.block.sponge.TileSpongeMagmatic,thermalexpansion.SpongeMagmatic
cofh.thermalexpansion.block.strongbox.TileStrongbox,thermalexpansion.Strongbox
cofh.thermalexpansion.block.strongbox.TileStrongboxCreative,thermalexpansion.StrongboxCreative
cofh.thermalexpansion.block.tank.TileTank,thermalexpansion.Tank
cofh.thermalexpansion.block.tank.TileTankCreative,thermalexpansion.TankCreative
cofh.thermalexpansion.block.workbench.TileWorkbench,thermalexpansion.NewWorkbench
cofh.thermalexpansion.block.workbench.TileWorkbenchCreative,thermalexpansion.WorkbenchCreative
com.ae.additions.tile.TileAAccelerators,class com.ae.additions.tile.TileAAccelerators
com.ae.additions.tile.TileACraftingStorage,class com.ae.additions.tile.TileACraftingStorage
com.ae.additions.tile.TileAdvancedInterface,class com.ae.additions.tile.TileAdvancedInterface
com.ae.additions.tile.TileHybridInterface,class com.ae.additions.tile.TileHybridInterface
com.ae.additions.tile.TileUltimateInterface,class com.ae.additions.tile.TileUltimateInterface
com.brandon3055.draconicevolution.common.tileentities.TileCKeyStone,draconicevolution:TileCKeyStone
com.brandon3055.draconicevolution.common.tileentities.TileChaosShard,draconicevolution:TileChaosShard
com.brandon3055.draconicevolution.common.tileentities.TileCustomSpawner,draconicevolution:TileCustomSpawner
com.brandon3055.draconicevolution.common.tileentities.TileDissEnchanter,draconicevolution:TileDissEnchanter
com.brandon3055.draconicevolution.common.tileentities.TileDraconiumChest,draconicevolution:TileDraconiumChest
com.brandon3055.draconicevolution.common.tileentities.TileEnergyInfuser,draconicevolution:TileEnergyInfuser
com.brandon3055.draconicevolution.common.tileentities.TileGenerator,draconicevolution:TileGenerator
com.brandon3055.draconicevolution.common.tileentities.TileGrinder,draconicevolution:TileGrinder
com.brandon3055.draconicevolution.common.tileentities.TileParticleGenerator,draconicevolution:TileParticleGenerator
com.brandon3055.draconicevolution.common.tileentities.TilePlacedItem,draconicevolution:TilePlacedItem
com.brandon3055.draconicevolution.common.tileentities.TilePlayerDetector,draconicevolution:TilePlayerDetector
com.brandon3055.draconicevolution.common.tileentities.TilePlayerDetectorAdvanced,draconicevolution:TilePlayerDetectorAdvanced
com.brandon3055.draconicevolution.common.tileentities.TilePotentiometer,draconicevolution:TilePotentiometer
com.brandon3055.draconicevolution.common.tileentities.TileSunDial,draconicevolution:TileSunDial
com.brandon3055.draconicevolution.common.tileentities.TileTeleporterStand,draconicevolution:TileTeleporterStand
com.brandon3055.draconicevolution.common.tileentities.TileUpgradeModifier,draconicevolution:TileEnhancementModifier
com.brandon3055.draconicevolution.common.tileentities.TileWeatherController,draconicevolution:TileWeatherController
com.brandon3055.draconicevolution.common.tileentities.energynet.TileEnergyRelay,draconicevolution:TileEnergyRelay
com.brandon3055.draconicevolution.common.tileentities.energynet.TileEnergyTransceiver,draconicevolution:TileEnergyTransceiver
com.brandon3055.draconicevolution.common.tileentities.energynet.TileWirelessEnergyTransceiver,draconicevolution:TileWirelessEnergyTransceiver
com.brandon3055.draconicevolution.common.tileentities.gates.TileFluidGate,draconicevolution:TileFluidGate
com.brandon3055.draconicevolution.common.tileentities.gates.TileFluxGate,draconicevolution:TileFluxGate
com.brandon3055.draconicevolution.common.tileentities.multiblocktiles.TileDislocatorReceptacle,draconicevolution:TileDislocatorReceptacle
com.brandon3055.draconicevolution.common.tileentities.multiblocktiles.TileEnderResurrection,draconicevolution:TileEnderResurrection
com.brandon3055.draconicevolution.common.tileentities.multiblocktiles.TileEnergyPylon,draconicevolution:TileEnergyPylon
com.brandon3055.draconicevolution.common.tileentities.multiblocktiles.TileEnergyStorageCore,draconicevolution:TileEnergyStorageCore
com.brandon3055.draconicevolution.common.tileentities.multiblocktiles.TileInvisibleMultiblock,draconicevolution:TileInvisibleMultiblock
com.brandon3055.draconicevolution.common.tileentities.multiblocktiles.TilePortalBlock,draconicevolution:TilePortalBlock
com.brandon3055.draconicevolution.common.tileentities.multiblocktiles.reactor.TileReactorCore,draconicevolution:TileReactorCore
com.brandon3055.draconicevolution.common.tileentities.multiblocktiles.reactor.TileReactorEnergyInjector,draconicevolution:TileReactorEnergyInjector
com.brandon3055.draconicevolution.common.tileentities.multiblocktiles.reactor.TileReactorStabilizer,draconicevolution:TileReactorStabilizer
com.carpentersblocks.tileentity.TEBase,TileEntityCarpentersBlock
com.carpentersblocks.tileentity.TECarpentersDaylightSensor,TileEntityCarpentersDaylightSensor
com.carpentersblocks.tileentity.TECarpentersFlowerPot,TileEntityCarpentersFlowerPot
com.carpentersblocks.tileentity.TECarpentersGarageDoor,TileEntityCarpentersGarageDoor
com.carpentersblocks.tileentity.TECarpentersSafe,TileEntityCarpentersSafe
com.carpentersblocks.tileentity.TECarpentersTorch,TileEntityCarpentersTorch
com.creativemd.littletiles.common.tileentity.TileEntityLittleTiles,LittleTilesTileEntity
com.emoniph.witchery.blocks.BlockAlluringSkull$TileEntityAlluringSkull,witchery:alluringskull
com.emoniph.witchery.blocks.BlockAltar$TileEntityAltar,witchery:altar
com.emoniph.witchery.blocks.BlockAreaMarker$TileEntityAreaCurseProtect,witchery:decursedirected
com.emoniph.witchery.blocks.BlockAreaMarker$TileEntityAreaTeleportPullProtect,witchery:decurseteleport
com.emoniph.witchery.blocks.BlockBarrier$TileEntityBarrier,witchery:barrier
com.emoniph.witchery.blocks.BlockBeartrap$TileEntityBeartrap,witchery:wolftrap
com.emoniph.witchery.blocks.BlockBloodCrucible$TileEntityBloodCrucible,witchery:bloodcrucible
com.emoniph.witchery.blocks.BlockBloodRose$TileEntityBloodRose,witchery:bloodrose
com.emoniph.witchery.blocks.BlockBrazier$TileEntityBrazier,witchery:brazier
com.emoniph.witchery.blocks.BlockCandelabra$TileEntityCandelabra,witchery:candelabra
com.emoniph.witchery.blocks.BlockChalice$TileEntityChalice,witchery:chalice
com.emoniph.witchery.blocks.BlockCircle$TileEntityCircle,witchery:circle
com.emoniph.witchery.blocks.BlockCoffin$TileEntityCoffin,witchery:coffinblock
com.emoniph.witchery.blocks.BlockCrystalBall$TileEntityCrystalBall,witchery:crystalball
com.emoniph.witchery.blocks.BlockDemonHeart$TileEntityDemonHeart,witchery:demonheart
com.emoniph.witchery.blocks.BlockDistillery$TileEntityDistillery,witchery:distilleryidle
com.emoniph.witchery.blocks.BlockDreamCatcher$TileEntityDreamCatcher,witchery:dreamcatcher
com.emoniph.witchery.blocks.BlockFetish$TileEntityFetish,witchery:witchsladder
com.emoniph.witchery.blocks.BlockFumeFunnel$TileEntityFumeFunnel,witchery:fumefunnel
com.emoniph.witchery.blocks.BlockGarlicGarland$TileEntityGarlicGarland,witchery:garlicgarland
com.emoniph.witchery.blocks.BlockGrassper$TileEntityGrassper,witchery:grassper
com.emoniph.witchery.blocks.BlockKettle$TileEntityKettle,witchery:kettle
com.emoniph.witchery.blocks.BlockLeechChest$TileEntityLeechChest,witchery:leechchest
com.emoniph.witchery.blocks.BlockMirror$TileEntityMirror,witchery:mirrorblock2
com.emoniph.witchery.blocks.BlockPlacedItem$TileEntityPlacedItem,witchery:placeditem
com.emoniph.witchery.blocks.BlockPoppetShelf$TileEntityPoppetShelf,witchery:poppetshelf
com.emoniph.witchery.blocks.BlockRefillingChest$TileEntityRefillingChest,witchery:refillingchest
com.emoniph.witchery.blocks.BlockSilverVat$TileEntitySilverVat,witchery:silvervat
com.emoniph.witchery.blocks.BlockSpinningWheel$TileEntitySpinningWheel,witchery:spinningwheel
com.emoniph.witchery.blocks.BlockStatueGoddess$TileEntityStatueGoddess,witchery:statuegoddess
com.emoniph.witchery.blocks.BlockStatueOfWorship$TileEntityStatueOfWorship,witchery:statueofworship
com.emoniph.witchery.blocks.BlockStatueWerewolf$TileEntityStatueWerewolf,witchery:wolfaltar
com.emoniph.witchery.blocks.BlockVoidBramble$TileEntityVoidBramble,witchery:voidbramble
com.emoniph.witchery.blocks.BlockWitchesOven$TileEntityWitchesOven,witchery:witchesovenidle
com.emoniph.witchery.blocks.BlockWolfHead$TileEntityWolfHead,witchery:wolfhead
com.emoniph.witchery.brewing.BlockSlurp$TileEntitySlurp,witchery:slurp
com.emoniph.witchery.brewing.TileEntityBrewFluid,witchery:brewliquid
com.emoniph.witchery.brewing.TileEntityCauldron,witchery:cauldron
com.emoniph.witchery.brewing.TileEntityCursedBlock,witchery:cbuttonstone
com.emoniph.witchery.worldgen.WorldHandlerVillageDistrict$Wall$BlockVillageWallGen$TileEntityVillageWallGen,witchery:wallgen
com.jaquadro.minecraft.storagedrawers.block.tile.TileEntityController,StorageDrawers:tileController
com.jaquadro.minecraft.storagedrawers.block.tile.TileEntityDrawersComp,StorageDrawers:tileDrawersComp
com.jaquadro.minecraft.storagedrawers.block.tile.TileEntityDrawersStandard,StorageDrawers:tileDrawersStandard
com.jaquadro.minecraft.storagedrawers.block.tile.TileEntityFramingTable,StorageDrawers:framingTable
com.jaquadro.minecraft.storagedrawers.block.tile.TileEntitySlave,StorageDrawers:tileControllerSlave
com.jaquadro.minecraft.storagedrawers.block.tile.TileEntityTrim,StorageDrawers:trim
com.mrcrayfish.furniture.tileentity.TileEntityBasin,cfmBasin
com.mrcrayfish.furniture.tileentity.TileEntityBath,cfmBath
com.mrcrayfish.furniture.tileentity.TileEntityBedsideCabinet,cfmBedsideCabinet
com.mrcrayfish.furniture.tileentity.TileEntityBin,cfmBin
com.mrcrayfish.furniture.tileentity.TileEntityBlender,cfmBlender
com.mrcrayfish.furniture.tileentity.TileEntityCabinet,cfmCabinet
com.mrcrayfish.furniture.tileentity.TileEntityCabinetKitchen,cfmCabinetKitchen
com.mrcrayfish.furniture.tileentity.TileEntityChoppingBoard,cfmChoppingBoard
com.mrcrayfish.furniture.tileentity.TileEntityComputer,cfmComputer
com.mrcrayfish.furniture.tileentity.TileEntityCookieJar,cfmCookieJar
com.mrcrayfish.furniture.tileentity.TileEntityCouch,cfmCouch
com.mrcrayfish.furniture.tileentity.TileEntityCounterSink,cfmCounterSink
com.mrcrayfish.furniture.tileentity.TileEntityCup,cfmCup
com.mrcrayfish.furniture.tileentity.TileEntityDishwasher,cfmDishwasher
com.mrcrayfish.furniture.tileentity.TileEntityFreezer,cfmFreezer
com.mrcrayfish.furniture.tileentity.TileEntityFridge,cfmFridge
com.mrcrayfish.furniture.tileentity.TileEntityMailBox,cfmMailBox
com.mrcrayfish.furniture.tileentity.TileEntityMicrowave,cfmMicrowave
com.mrcrayfish.furniture.tileentity.TileEntityOven,cfmOven
com.mrcrayfish.furniture.tileentity.TileEntityPlate,cfmPlate
com.mrcrayfish.furniture.tileentity.TileEntityPresent,cfmPresent
com.mrcrayfish.furniture.tileentity.TileEntityPrinter,cfmPrinter
com.mrcrayfish.furniture.tileentity.TileEntityShowerHead,cfmShowerHead
com.mrcrayfish.furniture.tileentity.TileEntityStereo,cfmStereo
com.mrcrayfish.furniture.tileentity.TileEntityTV,cfmTV
com.mrcrayfish.furniture.tileentity.TileEntityToaster,cfmToaster
com.mrcrayfish.furniture.tileentity.TileEntityWallCabinet,cfmWallCabinet
com.mrcrayfish.furniture.tileentity.TileEntityWashingMachine,cfmWashingMachine
com.rwtema.extrautils.tileentity.TileEntityAntiMobTorch,TileEntityAntiMobTorch
com.rwtema.extrautils.tileentity.TileEntityBUD,TileEntityBUD
com.rwtema.extrautils.tileentity.TileEntityBlockColorData,TileEntityBlockColorData
com.rwtema.extrautils.tileentity.TileEntityDrum,drum
com.rwtema.extrautils.tileentity.TileEntityEnchantedSpike,TileEntityEnchantedSpike
com.rwtema.extrautils.tileentity.TileEntityEnderThermicLavaPump,enderPump
com.rwtema.extrautils.tileentity.TileEntityFilingCabinet,TileEntityFilingCabinet
com.rwtema.extrautils.tileentity.TileEntityPortal,TileEntityPortal
com.rwtema.extrautils.tileentity.TileEntityRainMuffler,TileEntityRainMuffler
com.rwtema.extrautils.tileentity.TileEntitySoundMuffler,TileEntitySoundMuffler
com.rwtema.extrautils.tileentity.TileEntityTradingPost,TileEntityTradingPost
com.rwtema.extrautils.tileentity.TileEntityTrashCan,TileEntityTrashCan
com.rwtema.extrautils.tileentity.TileEntityTrashCanEnergy,TileEntityTrashCanEnergy
com.rwtema.extrautils.tileentity.TileEntityTrashCanFluids,TileEntityTrashCanFluids
com.rwtema.extrautils.tileentity.chests.TileFullChest,TileFullChest
com.rwtema.extrautils.tileentity.chests.TileMiniChest,TileMiniChest
com.rwtema.extrautils.tileentity.endercollector.TileEnderCollector,TileEnderCollector
com.rwtema.extrautils.tileentity.enderconstructor.TileEnderConstructor,TileEnderConstructor
com.rwtema.extrautils.tileentity.enderconstructor.TileEnderPillar,TileEnderPillar
com.rwtema.extrautils.tileentity.enderquarry.TileEntityEnderMarker,TileEntityEnderMarker
com.rwtema.extrautils.tileentity.enderquarry.TileEntityEnderQuarry,enderQuarry
com.rwtema.extrautils.tileentity.generators.TileEntityGeneratorEnder,extrautils:generatorender
com.rwtema.extrautils.tileentity.generators.TileEntityGeneratorFood,extrautils:generatorfood
com.rwtema.extrautils.tileentity.generators.TileEntityGeneratorFurnace,extrautils:generatorbase
com.rwtema.extrautils.tileentity.generators.TileEntityGeneratorFurnaceOverClocked,extrautils:generatoroverclocked
com.rwtema.extrautils.tileentity.generators.TileEntityGeneratorFurnaceSurvival,extrautils:generatorstone
com.rwtema.extrautils.tileentity.generators.TileEntityGeneratorMagma,extrautils:generatorlava
com.rwtema.extrautils.tileentity.generators.TileEntityGeneratorNether,extrautils:generatornether
com.rwtema.extrautils.tileentity.generators.TileEntityGeneratorPink,extrautils:generatorpink
com.rwtema.extrautils.tileentity.generators.TileEntityGeneratorPotion,extrautils:generatorpotion
com.rwtema.extrautils.tileentity.generators.TileEntityGeneratorRedFlux,extrautils:generatorredflux
com.rwtema.extrautils.tileentity.generators.TileEntityGeneratorSolar,extrautils:generatorsolar
com.rwtema.extrautils.tileentity.generators.TileEntityGeneratorTNT,extrautils:generatortnt
com.rwtema.extrautils.tileentity.transfernodes.TileEntityFilterPipe,TileEntityFilterPipe
com.rwtema.extrautils.tileentity.transfernodes.TileEntityRetrievalNodeInventory,TileEntityRetrievalNodeInventory
com.rwtema.extrautils.tileentity.transfernodes.TileEntityRetrievalNodeLiquid,TileEntityRetrievalNodeLiquid
com.rwtema.extrautils.tileentity.transfernodes.TileEntityTransferNodeEnergy,TileEntityTransferNodeEnergy
com.rwtema.extrautils.tileentity.transfernodes.TileEntityTransferNodeHyperEnergy,TileEntityTransferNodeHyperEnergy
com.rwtema.extrautils.tileentity.transfernodes.TileEntityTransferNodeInventory,TileEntityTransferNodeInventory
com.rwtema.extrautils.tileentity.transfernodes.TileEntityTransferNodeLiquid,TileEntityTransferNodeLiquid
cpw.mods.ironchest.TileEntityCopperChest,IronChest.COPPER
cpw.mods.ironchest.TileEntityCrystalChest,IronChest.CRYSTAL
cpw.mods.ironchest.TileEntityDiamondChest,IronChest.DIAMOND
cpw.mods.ironchest.TileEntityDirtChest,IronChest.DIRTCHEST9000
cpw.mods.ironchest.TileEntityGoldChest,IronChest.GOLD
cpw.mods.ironchest.TileEntityIronChest,IronChest.IRON
cpw.mods.ironchest.TileEntityObsidianChest,IronChest.OBSIDIAN
cpw.mods.ironchest.TileEntitySilverChest,IronChest.SILVER
crazypants.enderio.block.TileEntityDarkSteelPressurePlate,blockDarkSteelPressurePlateTileEntity
crazypants.enderio.conduit.TileConduitBundle,blockConduitBundleTileEntity
crazypants.enderio.enderface.TileEnderIO,blockEnderIoTileEntity
crazypants.enderio.item.skull.TileEndermanSkull,blockEndermanSkullTileEntity
crazypants.enderio.machine.alloy.TileAlloySmelter,blockAlloySmelterTileEntity
crazypants.enderio.machine.buffer.TileBuffer,blockBufferTileEntity
crazypants.enderio.machine.capbank.TileCapBank,blockCapBankTileEntity
crazypants.enderio.machine.crafter.TileCrafter,blockCrafterTileEntity
crazypants.enderio.machine.crusher.TileCrusher,blockSagMillTileEntity
crazypants.enderio.machine.enchanter.TileEnchanter,blockEnchanterTileEntity
crazypants.enderio.machine.farm.TileFarmStation,blockFarmStationTileEntity
crazypants.enderio.machine.generator.combustion.TileCombustionGenerator,blockCombustionGeneratorTileEntity
crazypants.enderio.machine.generator.stirling.TileEntityStirlingGenerator,blockStirlingGeneratorTileEntity
crazypants.enderio.machine.generator.zombie.TileZombieGenerator,blockZombieGeneratorTileEntity
crazypants.enderio.machine.generator.zombie.TileZombieGenerator$TileEnderGenerator,blockEnderGeneratorTileEntity
crazypants.enderio.machine.generator.zombie.TileZombieGenerator$TileFrankenZombieGenerator,blockFrankenzombieGeneratorTileEntity
crazypants.enderio.machine.hypercube.TileHyperCube,blockHyperCubeTileEntity
crazypants.enderio.machine.invpanel.TileInventoryPanel,blockInventoryPanelTileEntity
crazypants.enderio.machine.killera.TileKillerJoe,blockKillerJoeTileEntity
crazypants.enderio.machine.light.TileElectricLight,blockElectricLightTileEntity
crazypants.enderio.machine.light.TileLightNode,blockLightNodeTileEntity
crazypants.enderio.machine.monitor.TilePowerMonitor,blockPowerMonitorTileEntity
crazypants.enderio.machine.obelisk.attractor.TileAttractor,blockAttractorTileEntity
crazypants.enderio.machine.obelisk.aversion.TileAversionObelisk,blockSpawnGuardTileEntity
crazypants.enderio.machine.obelisk.inhibitor.TileInhibitorObelisk,blockInhibitorObeliskTileEntity
crazypants.enderio.machine.obelisk.weather.TileWeatherObelisk,blockWeatherObeliskTileEntity
crazypants.enderio.machine.obelisk.xp.TileExperienceObelisk,blockExperienceObeliskTileEntity
crazypants.enderio.machine.painter.TileEntityPaintedBlock,blockFusedQuartzTileEntity
crazypants.enderio.machine.painter.TileEntityPaintedSlab,blockPaintedDoubleSlabTileEntity
crazypants.enderio.machine.painter.TileEntityPainter,blockPainterTileEntity
crazypants.enderio.machine.power.TileCapacitorBank,blockCapacitorBankTileEntity
crazypants.enderio.machine.reservoir.TileReservoir,blockReservoirTileEntity
crazypants.enderio.machine.slicensplice.TileSliceAndSplice,blockSliceAndSpliceTileEntity
crazypants.enderio.machine.solar.TileEntitySolarPanel,blockSolarPanelTileEntity
crazypants.enderio.machine.soul.TileSoulBinder,blockSoulBinderTileEntity
crazypants.enderio.machine.spawner.TilePoweredSpawner,blockPoweredSpawnerTileEntity
crazypants.enderio.machine.tank.TileTank,blockTankTileEntity
crazypants.enderio.machine.transceiver.TileTransceiver,blockTransceiverTileEntity
crazypants.enderio.machine.vacuum.TileVacuumChest,blockVacuumChestTileEntity
crazypants.enderio.machine.vat.TileVat,blockVatTileEntity
crazypants.enderio.machine.wireless.TileWirelessCharger,blockWirelessChargerTileEntity
crazypants.enderio.teleport.anchor.TileTravelAnchor,blockTravelAnchorTileEntity
crazypants.enderio.teleport.telepad.TileTelePad,blockTelePadTileEntity
dan200.computercraft.shared.computer.blocks.TileCommandComputer,command_computer
dan200.computercraft.shared.computer.blocks.TileComputer,computer
dan200.computercraft.shared.peripheral.diskdrive.TileDiskDrive,diskdrive
dan200.computercraft.shared.peripheral.modem.TileCable,wiredmodem
dan200.computercraft.shared.peripheral.modem.TileWirelessModem,wirelessmodem
dan200.computercraft.shared.peripheral.monitor.TileMonitor,monitor
dan200.computercraft.shared.peripheral.printer.TilePrinter,ccprinter
dan200.computercraft.shared.turtle.blocks.TileTurtle,turtle
dan200.computercraft.shared.turtle.blocks.TileTurtleAdvanced,turtleadv
dan200.computercraft.shared.turtle.blocks.TileTurtleExpanded,turtleex
emt.tile.TileElectricCloud,tileEntityElectricCloud
emt.tile.TileEntityEtherealMacerator,tileentityetherealmacerator
emt.tile.TileEntityIndustrialWandRecharge,tileentityindustrialwandrecharge
emt.tile.TileEntityPortableNode,tileentityportablenode
emt.tile.generator.TileEntityAerGenerator,tileentityaergenerator
emt.tile.generator.TileEntityArborGenerator,tileentityarborgenerator
emt.tile.generator.TileEntityAuramGenerator,tileentityauramgenerator
emt.tile.generator.TileEntityIgnisGenerator,tileentityignisgenerator
emt.tile.generator.TileEntityPotentiaGenerator,tileentitypotentiagenerator
emt.tile.solar.air.TileEntityAirSolar,tileentityairsolar
emt.tile.solar.air.TileEntityDoubleAirSolar,tileentitydoubleairsolar
emt.tile.solar.air.TileEntityTripleAirSolar,tileentitytripleairsolar
emt.tile.solar.compressed.TileEntityCompressedSolar,tileentitycompressedsolar
emt.tile.solar.compressed.TileEntityDoubleCompressedSolar,tileentitydoublecompressedsolar
emt.tile.solar.compressed.TileEntityTripleCompressedSolar,tileentitytriplecompressedsolar
emt.tile.solar.dark.TileEntityDarkSolar,tileentitydarksolar
emt.tile.solar.dark.TileEntityDoubleDarkSolar,tileentitydoubledarksolar
emt.tile.solar.dark.TileEntityTripleDarkSolar,tileentitytripledarksolar
emt.tile.solar.earth.TileEntityDoubleEarthSolar,tileentitydoubleearthsolar
emt.tile.solar.earth.TileEntityEarthSolar,tileentityearthsolar
emt.tile.solar.earth.TileEntityTripleEarthSolar,tileentitytripleearthsolar
emt.tile.solar.fire.TileEntityDoubleFireSolar,tileentitydoublefiresolar
emt.tile.solar.fire.TileEntityFireSolar,tileentityfiresolar
emt.tile.solar.fire.TileEntityTripleFireSolar,tileentitytriplefiresolar
emt.tile.solar.order.TileEntityDoubleOrderSolar,tileentitydoubleordersolar
emt.tile.solar.order.TileEntityOrderSolar,tileentityordersolar
emt.tile.solar.order.TileEntityTripleOrderSolar,tileentitytripleordersolar
emt.tile.solar.water.TileEntityDoubleWaterSolar,tileentitydoublewatersolar
emt.tile.solar.water.TileEntityTripleWaterSolar,tileentitytriplewatersolar
emt.tile.solar.water.TileEntityWaterSolar,tileentitywatersolar
erogenousbeef.bigreactors.common.multiblock.tileentity.TileEntityReactorAccessPort,BRReactorAccessPort
erogenousbeef.bigreactors.common.multiblock.tileentity.TileEntityReactorComputerPort,BRReactorComputerPort
erogenousbeef.bigreactors.common.multiblock.tileentity.TileEntityReactorControlRod,BRReactorControlRod
erogenousbeef.bigreactors.common.multiblock.tileentity.TileEntityReactorCoolantPort,BRReactorCoolantPort
erogenousbeef.bigreactors.common.multiblock.tileentity.TileEntityReactorFuelRod,BRFuelRod
erogenousbeef.bigreactors.common.multiblock.tileentity.TileEntityReactorGlass,BRReactorGlass
erogenousbeef.bigreactors.common.multiblock.tileentity.TileEntityReactorPart,BRReactorPart
erogenousbeef.bigreactors.common.multiblock.tileentity.TileEntityReactorPowerTap,BRReactorPowerTap
erogenousbeef.bigreactors.common.multiblock.tileentity.TileEntityReactorRedNetPort,BRReactorRedNetPort
erogenousbeef.bigreactors.common.multiblock.tileentity.TileEntityReactorRedstonePort,BRReactorRedstonePort
erogenousbeef.bigreactors.common.multiblock.tileentity.TileEntityTurbineComputerPort,BRTurbineComputerPort
erogenousbeef.bigreactors.common.multiblock.tileentity.TileEntityTurbineFluidPort,BRTurbineFluidPort
erogenousbeef.bigreactors.common.multiblock.tileentity.TileEntityTurbinePartGlass,BRTurbineGlass
erogenousbeef.bigreactors.common.multiblock.tileentity.TileEntityTurbinePartStandard,BRTurbinePart
erogenousbeef.bigreactors.common.multiblock.tileentity.TileEntityTurbinePowerTap,BRTurbinePowerTap
erogenousbeef.bigreactors.common.multiblock.tileentity.TileEntityTurbineRotorBearing,BRTurbineRotorBearing
erogenousbeef.bigreactors.common.multiblock.tileentity.TileEntityTurbineRotorPart,BRTurbineRotorPart
erogenousbeef.bigreactors.common.multiblock.tileentity.creative.TileEntityReactorCreativeCoolantPort,BRReactorCreativeCoolantPort
erogenousbeef.bigreactors.common.multiblock.tileentity.creative.TileEntityTurbineCreativeSteamGenerator,BRTurbineCreativeSteamGenerator
erogenousbeef.bigreactors.common.tileentity.TileEntityCyaniteReprocessor,BRCyaniteReprocessor
exter.fodc.tileentity.TileEntityAutomaticOreConverter,AutoOreConverter
extracells.tileentity.TileEntityCertusTank,tileEntityCertusTank
extracells.tileentity.TileEntityFluidCrafter,tileEntityFluidCrafter
extracells.tileentity.TileEntityFluidFiller,tileEntityFluidFiller
extracells.tileentity.TileEntityFluidInterface,tileEntityFluidInterface
extracells.tileentity.TileEntityHardMeDrive,tileEntityHardMEDrive
extracells.tileentity.TileEntityVibrationChamberFluid,tileEntityVibrationChamberFluid
extracells.tileentity.TileEntityWalrus,tileEntityWalrus
forestry.apiculture.multiblock.TileAlvearyFan,forestry.AlvearyFan
forestry.apiculture.multiblock.TileAlvearyHeater,forestry.AlvearyHeater
forestry.apiculture.multiblock.TileAlvearyHygroregulator,forestry.AlvearyHygro
forestry.apiculture.multiblock.TileAlvearyPlain,forestry.Alveary
forestry.apiculture.multiblock.TileAlvearySieve,forestry.AlvearySieve
forestry.apiculture.multiblock.TileAlvearyStabiliser,forestry.AlvearyStabiliser
forestry.apiculture.multiblock.TileAlvearySwarmer,forestry.AlvearySwarmer
forestry.apiculture.tiles.TileApiaristChest,forestry.ApiaristChestNew
forestry.apiculture.tiles.TileApiary,forestry.Apiary
forestry.apiculture.tiles.TileBeehouse,forestry.Beehouse
forestry.apiculture.tiles.TileCandle,forestry.Candle
forestry.apiculture.tiles.TileSwarm,forestry.Swarm
forestry.arboriculture.tiles.TileArboristChest,forestry.ArbChest
forestry.arboriculture.tiles.TileFruitPod,forestry.Pods
forestry.arboriculture.tiles.TileLeaves,forestry.Leaves
forestry.arboriculture.tiles.TileSapling,forestry.Sapling
forestry.arboriculture.tiles.TileWood,forestry.Wood
forestry.core.tiles.TileAnalyzer,forestry.Analyzer
forestry.core.tiles.TileEscritoire,forestry.Escritoire
forestry.energy.tiles.TileEngineBiogas,forestry.EngineBronze
forestry.energy.tiles.TileEngineClockwork,forestry.EngineClockwork
forestry.energy.tiles.TileEngineElectric,forestry.EngineTin
forestry.energy.tiles.TileEnginePeat,forestry.EngineCopper
forestry.energy.tiles.TileGenerator,forestry.Generator
forestry.factory.tiles.TileBottler,forestry.Bottler
forestry.factory.tiles.TileCarpenter,forestry.Carpenter
forestry.factory.tiles.TileCentrifuge,forestry.Centrifuge
forestry.factory.tiles.TileFabricator,forestry.Fabricator
forestry.factory.tiles.TileFermenter,forestry.Fermenter
forestry.factory.tiles.TileMillRainmaker,forestry.Rainmaker
forestry.factory.tiles.TileMoistener,forestry.Moistener
forestry.factory.tiles.TileRaintank,forestry.Raintank
forestry.factory.tiles.TileSqueezer,forestry.Squeezer
forestry.factory.tiles.TileStill,forestry.Still
forestry.factory.tiles.TileWorktable,forestry.Worktable
forestry.farming.tiles.TileFarmControl,forestry.FarmControl
forestry.farming.tiles.TileFarmGearbox,forestry.FarmGearbox
forestry.farming.tiles.TileFarmHatch,forestry.FarmHatch
forestry.farming.tiles.TileFarmPlain,forestry.Farm
forestry.farming.tiles.TileFarmValve,forestry.FarmValve
forestry.lepidopterology.tiles.TileLepidopteristChest,forestry.LepiChest
forestry.mail.tiles.TileMailbox,forestry.Mailbox
forestry.mail.tiles.TileStampCollector,forestry.Philatelist
forestry.mail.tiles.TileTrader,forestry.Tradestation
fox.spiteful.avaritia.compat.botania.TileInfinitato,Avaritia_Infinitato
fox.spiteful.avaritia.tile.TileEntityCompressor,Avaritia_Compressor
fox.spiteful.avaritia.tile.TileEntityDireCrafting,Avaritia_Dire_Craft
fox.spiteful.avaritia.tile.TileEntityNeutron,Avaritia_Neutron
fox.spiteful.forbidden.tiles.TileEntityWrathCage,WrathCage
gcewing.projectblue.mfr.RednetAdaptorTE,gcewing.projectblue.mfr.RednetAdaptorTE
gravisuite.TileEntityRelocatorPortal,Relocator Portal
ic2.core.block.TileEntityBarrel,TEBarrel
ic2.core.block.TileEntityBlock,Empty Management TileEntity
ic2.core.block.TileEntityWall,CF-Wall
ic2.core.block.generator.tileentity.TileEntityGenerator,Generator
ic2.core.block.generator.tileentity.TileEntityGeoGenerator,Geothermal Generator
ic2.core.block.generator.tileentity.TileEntityKineticGenerator,Kinetic Generator
ic2.core.block.generator.tileentity.TileEntityRTGenerator,Radioisotope Thermoelectric Generator
ic2.core.block.generator.tileentity.TileEntitySemifluidGenerator,Semifluid Generator
ic2.core.block.generator.tileentity.TileEntitySolarGenerator,Solar Panel
ic2.core.block.generator.tileentity.TileEntityStirlingGenerator,Stirling Generator
ic2.core.block.generator.tileentity.TileEntityWaterGenerator,Water Mill
ic2.core.block.generator.tileentity.TileEntityWindGenerator,Wind Mill
ic2.core.block.heatgenerator.tileentity.TileEntityElectricHeatGenerator,Electric Heat Generator
ic2.core.block.heatgenerator.tileentity.TileEntityFluidHeatGenerator,Fluid Heat Generator
ic2.core.block.heatgenerator.tileentity.TileEntityRTHeatGenerator,Radioisotope Thermo Heat Generator
ic2.core.block.heatgenerator.tileentity.TileEntitySolidHeatGenerator,Solid Heat Generator
ic2.core.block.kineticgenerator.tileentity.TileEntityElectricKineticGenerator,Electric Kinetic Generator
ic2.core.block.kineticgenerator.tileentity.TileEntityManualKineticGenerator,Manual Kinetic Generator
ic2.core.block.kineticgenerator.tileentity.TileEntitySteamKineticGenerator,Steam Kinetic Generator
ic2.core.block.kineticgenerator.tileentity.TileEntityStirlingKineticGenerator,Stirling Kinetic Generator
ic2.core.block.kineticgenerator.tileentity.TileEntityWaterKineticGenerator,Water Kinetic Generator
ic2.core.block.kineticgenerator.tileentity.TileEntityWindKineticGenerator,Wind Kinetic Generator
ic2.core.block.machine.tileentity.TileEntityAdvMiner,Advanced Miner
ic2.core.block.machine.tileentity.TileEntityBlastFurnace,Blast Furnace
ic2.core.block.machine.tileentity.TileEntityBlockCutter,Block Cutter
ic2.core.block.machine.tileentity.TileEntityCanner,Canning Machine
ic2.core.block.machine.tileentity.TileEntityCentrifuge,Thermal Centrifuge
ic2.core.block.machine.tileentity.TileEntityCompressor,Compressor
ic2.core.block.machine.tileentity.TileEntityCondenser,Condenser
ic2.core.block.machine.tileentity.TileEntityCropHavester,Crop Havester
ic2.core.block.machine.tileentity.TileEntityCropmatron,Crop-Matron
ic2.core.block.machine.tileentity.TileEntityElectricFurnace,Electric Furnace
ic2.core.block.machine.tileentity.TileEntityElectrolyzer,Electrolyzer
ic2.core.block.machine.tileentity.TileEntityExtractor,Extractor
ic2.core.block.machine.tileentity.TileEntityFermenter,Fermenter
ic2.core.block.machine.tileentity.TileEntityFluidBottler,Fluid Bottler Maschine
ic2.core.block.machine.tileentity.TileEntityFluidDistributor,Fluid Distributor
ic2.core.block.machine.tileentity.TileEntityFluidRegulator,Fluid Regulator
ic2.core.block.machine.tileentity.TileEntityInduction,Induction Furnace
ic2.core.block.machine.tileentity.TileEntityIronFurnace,Iron Furnace
ic2.core.block.machine.tileentity.TileEntityItemBuffer,Item Buffer
ic2.core.block.machine.tileentity.TileEntityLathe,Lathe
ic2.core.block.machine.tileentity.TileEntityLiquidHeatExchanger,Liquid Heat Exchanger
ic2.core.block.machine.tileentity.TileEntityMacerator,Macerator
ic2.core.block.machine.tileentity.TileEntityMagnetizer,Magnetizer
ic2.core.block.machine.tileentity.TileEntityMatter,Mass Fabricator
ic2.core.block.machine.tileentity.TileEntityMetalFormer,Metal Former
ic2.core.block.machine.tileentity.TileEntityMiner,Miner
ic2.core.block.machine.tileentity.TileEntityNuke,Nuke
ic2.core.block.machine.tileentity.TileEntityOreWashing,Ore Washing Plant
ic2.core.block.machine.tileentity.TileEntityPatternStorage,Pattern Storage
ic2.core.block.machine.tileentity.TileEntityPump,Pump
ic2.core.block.machine.tileentity.TileEntityRecycler,Recycler
ic2.core.block.machine.tileentity.TileEntityReplicator,Replicator
ic2.core.block.machine.tileentity.TileEntityScanner,Scanner
ic2.core.block.machine.tileentity.TileEntitySolarDestiller,Solar Destiller
ic2.core.block.machine.tileentity.TileEntitySolidCanner,Solid Canner Maschine
ic2.core.block.machine.tileentity.TileEntitySortingMachine,Sorting Machine
ic2.core.block.machine.tileentity.TileEntitySteamGenerator,Steam Generator
ic2.core.block.machine.tileentity.TileEntityTeleporter,Teleporter
ic2.core.block.machine.tileentity.TileEntityTerra,Terraformer
ic2.core.block.machine.tileentity.TileEntityTesla,Tesla Coil
ic2.core.block.personal.TileEntityEnergyOMat,Energy-O-Mat
ic2.core.block.personal.TileEntityPersonalChest,Personal Safe
ic2.core.block.personal.TileEntityTradeOMat,Trade-O-Mat
ic2.core.block.reactor.tileentity.TileEntityNuclearReactorElectric,Nuclear Reactor
ic2.core.block.reactor.tileentity.TileEntityReactorAccessHatch,Reactor Access Hatch
ic2.core.block.reactor.tileentity.TileEntityReactorChamberElectric,Reactor Chamber
ic2.core.block.reactor.tileentity.TileEntityReactorFluidPort,Reactor Fluid Port
ic2.core.block.reactor.tileentity.TileEntityReactorRedstonePort,Reactor Redstone Port
ic2.core.block.wiring.TileEntityCable,Cable
ic2.core.block.wiring.TileEntityCableDetector,Detector Cable
ic2.core.block.wiring.TileEntityCableSplitter,SplitterCable
ic2.core.block.wiring.TileEntityChargepadBatBox,Chargepad BatBox
ic2.core.block.wiring.TileEntityChargepadCESU,Chargepad CESU
ic2.core.block.wiring.TileEntityChargepadMFE,Chargepad MFE
ic2.core.block.wiring.TileEntityChargepadMFSU,Chargepad MFSU
ic2.core.block.wiring.TileEntityElectricBatBox,BatBox
ic2.core.block.wiring.TileEntityElectricCESU,CESU
ic2.core.block.wiring.TileEntityElectricMFE,MFE
ic2.core.block.wiring.TileEntityElectricMFSU,MFSU
ic2.core.block.wiring.TileEntityLuminator,Luminator
ic2.core.block.wiring.TileEntityTransformerEV,EV-Transformer
ic2.core.block.wiring.TileEntityTransformerHV,HV-Transformer
ic2.core.block.wiring.TileEntityTransformerLV,LV-Transformer
ic2.core.block.wiring.TileEntityTransformerMV,MV-Transformer
ic2.core.crop.TileEntityCrop,TECrop
jds.bibliocraft.tileentities.TileEntityArmorStand,ArmorStandTile
jds.bibliocraft.tileentities.TileEntityBell,biblioBellTile
jds.bibliocraft.tileentities.TileEntityBookcase,BookcaseTile
jds.bibliocraft.tileentities.TileEntityClipboard,biblioClipboardTile
jds.bibliocraft.tileentities.TileEntityClock,biblioClockTile
jds.bibliocraft.tileentities.TileEntityCookieJar,CookieJarTile
jds.bibliocraft.tileentities.TileEntityDinnerPlate,dinnerPlateTile
jds.bibliocraft.tileentities.TileEntityDiscRack,discRackTile
jds.bibliocraft.tileentities.TileEntityFancySign,fancySignTile
jds.bibliocraft.tileentities.TileEntityFancyWorkbench,fancyWorkbenchTile
jds.bibliocraft.tileentities.TileEntityFramedChest,biblioChestTile
jds.bibliocraft.tileentities.TileEntityFurniturePaneler,biblioPanelerTile
jds.bibliocraft.tileentities.TileEntityGenericShelf,GenericShelfTile
jds.bibliocraft.tileentities.TileEntityLabel,WoodLabelTile
jds.bibliocraft.tileentities.TileEntityLamp,LampTile
jds.bibliocraft.tileentities.TileEntityLantern,LanternTile
jds.bibliocraft.tileentities.TileEntityMapFrame,mapFrameTile
jds.bibliocraft.tileentities.TileEntityMarkerPole,markerTile
jds.bibliocraft.tileentities.TileEntityPaintPress,biblioPaintPressTile
jds.bibliocraft.tileentities.TileEntityPainting,biblioPaintingTile
jds.bibliocraft.tileentities.TileEntityPotionShelf,PotionShelfTile
jds.bibliocraft.tileentities.TileEntityPrintPress,PrintPressTile
jds.bibliocraft.tileentities.TileEntitySeat,seatTile
jds.bibliocraft.tileentities.TileEntitySwordPedestal,swordPedTile
jds.bibliocraft.tileentities.TileEntityTable,TableTile
jds.bibliocraft.tileentities.TileEntityTypeMachine,TypeMachineTile
jds.bibliocraft.tileentities.TileEntityTypewriter,biblioTypewriterTile
jds.bibliocraft.tileentities.TileEntityWeaponCase,WeaponCaseTile
jds.bibliocraft.tileentities.TileEntityWeaponRack,ToolRackTile
jds.bibliocraft.tileentities.TileEntityWritingDesk,WritingDeskTile
magicbees.tileentity.TileEntityEffectJar,magicbees.effectJar
magicbees.tileentity.TileEntityMagicApiary,magicbees.magicApiary
magicbees.tileentity.TileEntityManaAuraProvider,manaAuraProvider
magicbees.tileentity.TileEntityVisAuraProvider,visAuraProvider
makeo.gadomancy.common.blocks.tiles.TileAdditionalEldritchPortal,TileAdditionalEldritchPortal
makeo.gadomancy.common.blocks.tiles.TileArcaneDropper,TileArcaneDropper
makeo.gadomancy.common.blocks.tiles.TileArcanePackager,TileArcanePackager
makeo.gadomancy.common.blocks.tiles.TileAuraPylon,TileAuraPylon
makeo.gadomancy.common.blocks.tiles.TileAuraPylonTop,TileAuraPylonTop
makeo.gadomancy.common.blocks.tiles.TileBlockProtector,TileBlockProtector
makeo.gadomancy.common.blocks.tiles.TileEssentiaCompressor,TileEssentiaCompressor
makeo.gadomancy.common.blocks.tiles.TileExtendedNode,TileExtendedNode
makeo.gadomancy.common.blocks.tiles.TileExtendedNodeJar,TileExtendedNodeJar
makeo.gadomancy.common.blocks.tiles.TileInfusionClaw,TileInfusionClaw
makeo.gadomancy.common.blocks.tiles.TileKnowledgeBook,TileKnowledgeBook
makeo.gadomancy.common.blocks.tiles.TileManipulationFocus,TileManipulationFocus
makeo.gadomancy.common.blocks.tiles.TileManipulatorPillar,TileManipulatorPillar
makeo.gadomancy.common.blocks.tiles.TileNodeManipulator,TileNodeManipulator
makeo.gadomancy.common.blocks.tiles.TileRemoteJar,TileRemoteJar
makeo.gadomancy.common.blocks.tiles.TileStickyJar,TileStickyJar
mantle.blocks.abstracts.MultiServantLogic,TConstruct.Servants
mods.railcraft.common.blocks.aesthetics.post.TilePostEmblem,RCPostEmblemTile
mods.railcraft.common.blocks.aesthetics.slab.TileSlab,RCSlabTile
mods.railcraft.common.blocks.aesthetics.stairs.TileStair,RCStairTile
mods.railcraft.common.blocks.detector.TileDetector,RCDetectorTile
mods.railcraft.common.blocks.hidden.TileHidden,RCHiddenTile
mods.railcraft.common.blocks.machine.alpha.TileAnchorAdmin,RCAdminAnchorTile
mods.railcraft.common.blocks.machine.alpha.TileAnchorPassive,RCPassiveAnchorTile
mods.railcraft.common.blocks.machine.alpha.TileAnchorPersonal,RCPersonalAnchorTile
mods.railcraft.common.blocks.machine.alpha.TileAnchorWorld,RCWorldAnchorTile
mods.railcraft.common.blocks.machine.alpha.TileBlastFurnace,RCBlastFurnaceTile
mods.railcraft.common.blocks.machine.alpha.TileCokeOven,RCCokeOvenTile
mods.railcraft.common.blocks.machine.alpha.TileFeedStation,RCFeedStationTile
mods.railcraft.common.blocks.machine.alpha.TileRockCrusher,RCRockCrusherTile
mods.railcraft.common.blocks.machine.alpha.TileRollingMachine,RCRollingMachineTile
mods.railcraft.common.blocks.machine.alpha.TileSmoker,RCSmokerTile
mods.railcraft.common.blocks.machine.alpha.TileSteamOven,RCSteamOvenTile
mods.railcraft.common.blocks.machine.alpha.TileSteamTrapAuto,RCSteamTrapAutoTile
mods.railcraft.common.blocks.machine.alpha.TileSteamTrapManual,RCSteamTrapManualTile
mods.railcraft.common.blocks.machine.alpha.TileSteamTurbine,RCSteamTurbineTile
mods.railcraft.common.blocks.machine.alpha.TileTankWater,RCWaterTankTile
mods.railcraft.common.blocks.machine.alpha.TileTradeStation,RCTradeStationTile
mods.railcraft.common.blocks.machine.beta.TileBoilerFireboxFluid,RCBoilerFireboxLiquidTile
mods.railcraft.common.blocks.machine.beta.TileBoilerFireboxSolid,RCBoilerFireboxSoildTile
mods.railcraft.common.blocks.machine.beta.TileBoilerTankHigh,RCBoilerTankHighTile
mods.railcraft.common.blocks.machine.beta.TileBoilerTankLow,RCBoilerTankLowTile
mods.railcraft.common.blocks.machine.beta.TileChestMetals,RCMetalsChestTile
mods.railcraft.common.blocks.machine.beta.TileChestVoid,RCVoidChestTile
mods.railcraft.common.blocks.machine.beta.TileEngineSteamHigh,RCEngineSteamHigh
mods.railcraft.common.blocks.machine.beta.TileEngineSteamHobby,RCEngineSteamHobby
mods.railcraft.common.blocks.machine.beta.TileEngineSteamLow,RCEngineSteamLow
mods.railcraft.common.blocks.machine.beta.TileSawmill,RCSawmillTile
mods.railcraft.common.blocks.machine.beta.TileSentinel,RCAnchorSentinelTile
mods.railcraft.common.blocks.machine.beta.TileTankIronGauge,RCIronTankGaugeTile
mods.railcraft.common.blocks.machine.beta.TileTankIronValve,RCIronTankValveTile
mods.railcraft.common.blocks.machine.beta.TileTankIronWall,RCIronTankWallTile
mods.railcraft.common.blocks.machine.beta.TileTankSteelGauge,RCSteelTankGaugeTile
mods.railcraft.common.blocks.machine.beta.TileTankSteelValve,RCSteelTankValveTile
mods.railcraft.common.blocks.machine.beta.TileTankSteelWall,RCSteelTankWallTile
mods.railcraft.common.blocks.machine.delta.TileCage,RCCageTile
mods.railcraft.common.blocks.machine.delta.TileWire,RCWireTile
mods.railcraft.common.blocks.machine.epsilon.TileAdminSteamProducer,RCAdminSteamProducerTile
mods.railcraft.common.blocks.machine.epsilon.TileElectricFeeder,RCElectricFeederTile
mods.railcraft.common.blocks.machine.epsilon.TileElectricFeederAdmin,RCElectricFeederAdminTile
mods.railcraft.common.blocks.machine.epsilon.TileEngravingBench,RCEngravingBenchTile
mods.railcraft.common.blocks.machine.epsilon.TileFluxTransformer,RCFluxTransformerTile
mods.railcraft.common.blocks.machine.epsilon.TileForceTrackEmitter,RCForceTrackEmitterTile
mods.railcraft.common.blocks.machine.gamma.TileDispenserCart,RCMinecartDispenserTile
mods.railcraft.common.blocks.machine.gamma.TileDispenserTrain,RCTrainDispenserTile
mods.railcraft.common.blocks.machine.gamma.TileEnergyLoader,RCLoaderTileEnergy
mods.railcraft.common.blocks.machine.gamma.TileEnergyUnloader,RCUnloaderTileEnergy
mods.railcraft.common.blocks.machine.gamma.TileFluidLoader,RCLoaderTileLiquid
mods.railcraft.common.blocks.machine.gamma.TileFluidUnloader,RCUnloaderTileLiquid
mods.railcraft.common.blocks.machine.gamma.TileItemLoader,RCLoaderTile
mods.railcraft.common.blocks.machine.gamma.TileItemLoaderAdvanced,RCLoaderAdvancedTile
mods.railcraft.common.blocks.machine.gamma.TileItemUnloader,RCUnloaderTile
mods.railcraft.common.blocks.machine.gamma.TileItemUnloaderAdvanced,RCUnloaderAdvancedTile
mods.railcraft.common.blocks.machine.gamma.TileRFLoader,RCLoaderTileRF
mods.railcraft.common.blocks.machine.gamma.TileRFUnloader,RCUnloaderTileRF
mods.railcraft.common.blocks.signals.TileBoxAnalogController,RCTileStructureAnalogBox
mods.railcraft.common.blocks.signals.TileBoxBlockRelay,RCTileStructureSignalBox
mods.railcraft.common.blocks.signals.TileBoxCapacitor,RCTileStructureCapacitorBox
mods.railcraft.common.blocks.signals.TileBoxController,RCTileStructureControllerBox
mods.railcraft.common.blocks.signals.TileBoxInterlock,RCTileStructureInterlockBox
mods.railcraft.common.blocks.signals.TileBoxReceiver,RCTileStructureReceiverBox
mods.railcraft.common.blocks.signals.TileBoxSequencer,RCTileStructureSequencerBox
mods.railcraft.common.blocks.signals.TileSignalBlockSignal,RCTileStructureBlockSignal
mods.railcraft.common.blocks.signals.TileSignalDistantSignal,RCTileStructureDistantSignal
mods.railcraft.common.blocks.signals.TileSignalDualHeadBlockSignal,RCTileStructureDualHeadBlockSignal
mods.railcraft.common.blocks.signals.TileSignalDualHeadDistantSignal,RCTileStructureDualHeadDistantSignal
mods.railcraft.common.blocks.signals.TileSwitchLever,RCTileStructureSwitchLever
mods.railcraft.common.blocks.signals.TileSwitchMotor,RCTileStructureSwitchMotor
mods.railcraft.common.blocks.signals.TileSwitchRouting,RCTileStructureSwitchRouting
mods.railcraft.common.blocks.tracks.TileTrack,RailcraftTrackTile
mods.railcraft.common.blocks.tracks.TileTrackTESR,RailcraftTrackTESRTile
mods.railcraft.common.items.firestone.TileFirestoneRecharge,RCFirestoneRechargeTile
mrtjp.mcframes.TileMotor,tile.mcframes.motor|0
mrtjp.projectred.expansion.TileAutoCrafter,tile.projectred.expansion.machine2|11
mrtjp.projectred.expansion.TileBatteryBox,tile.projectred.expansion.machine2|5
mrtjp.projectred.expansion.TileBlockBreaker,tile.projectred.expansion.machine2|0
mrtjp.projectred.expansion.TileBlockPlacer,tile.projectred.expansion.machine2|2
mrtjp.projectred.expansion.TileChargingBench,tile.projectred.expansion.machine2|6
mrtjp.projectred.expansion.TileDiamondBlockBreaker,tile.projectred.expansion.machine2|12
mrtjp.projectred.expansion.TileElectrotineGenerator,tile.projectred.expansion.machine1|1
mrtjp.projectred.expansion.TileFilteredImporter,tile.projectred.expansion.machine2|3
mrtjp.projectred.expansion.TileFireStarter,tile.projectred.expansion.machine2|4
mrtjp.projectred.expansion.TileFrameActuator,tile.projectred.expansion.machine2|9
mrtjp.projectred.expansion.TileFrameMotor,tile.projectred.expansion.machine2|8
mrtjp.projectred.expansion.TileInductiveFurnace,tile.projectred.expansion.machine1|0
mrtjp.projectred.expansion.TileItemImporter,tile.projectred.expansion.machine2|1
mrtjp.projectred.expansion.TileProjectBench,tile.projectred.expansion.machine2|10
mrtjp.projectred.expansion.TileTeleposer,tile.projectred.expansion.machine2|7
mrtjp.projectred.exploration.TileBarrel,tile.projectred.exploration.barrel|0
mrtjp.projectred.exploration.TileLily,tile.projectred.exploration.lily|0
mrtjp.projectred.fabrication.TileICPrinter,tile.projectred.integration.icblock|1
mrtjp.projectred.fabrication.TileICWorkbench,tile.projectred.integration.icblock|0
mrtjp.projectred.illumination.TileAirousLight,tile.projectred.illumination.airousLight
mrtjp.projectred.illumination.TileLamp,tile.projectred.illumination.lamp|0
mrtjp.relocation.TileMovingRow,tile.relocation.blockmovingrow|0
net.bdew.ae2stuff.machines.encoder.TileEncoder,ae2stuff.Encoder
net.bdew.ae2stuff.machines.grower.TileGrower,ae2stuff.Grower
net.bdew.ae2stuff.machines.inscriber.TileInscriber,ae2stuff.Inscriber
net.bdew.ae2stuff.machines.wireless.TileWireless,ae2stuff.Wireless
net.blay09.mods.waystones.block.TileWaystone,waystones:waystone
net.divinerpg.blocks.arcana.container.tile_entity.TileEntityDemonFurnace,Demon Furnace
net.divinerpg.blocks.arcana.container.tile_entity.TileEntityDramixAltar,Dramix Altar
net.divinerpg.blocks.arcana.container.tile_entity.TileEntityExtractor,Arcanium Extractor
net.divinerpg.blocks.arcana.container.tile_entity.TileEntityGreenlightFurnace,Greenlight Furnace
net.divinerpg.blocks.arcana.container.tile_entity.TileEntityMoltenFurnace,Molten Furnace
net.divinerpg.blocks.arcana.container.tile_entity.TileEntityMoonlightFurnace,Moonlight Furnace
net.divinerpg.blocks.arcana.container.tile_entity.TileEntityOceanfireFurnace,Oceanfire Furnace
net.divinerpg.blocks.arcana.container.tile_entity.TileEntityParasectaAltar,Parasecta Altar
net.divinerpg.blocks.arcana.container.tile_entity.TileEntityWhitefireFurnace,Whitefire Furnace
net.divinerpg.blocks.base.tileentity.TileEntityStupidSpawner,StupidMobSpawner
net.divinerpg.blocks.iceika.tileentity.TileEntityCoalstoneFurnace,Coalstone Furnace
net.divinerpg.blocks.iceika.tileentity.TileEntityFrostedChest,Frosted Chest
net.divinerpg.blocks.iceika.tileentity.TileEntityPresentBox,PresentBox
net.divinerpg.blocks.twilight.TileEntityEdenChest,Eden Chest
net.divinerpg.blocks.vanilla.container.tileentity.TileEntityAltarOfCorruption,Altar Of Corruption
net.divinerpg.blocks.vanilla.container.tileentity.TileEntityAyeracoBeam,Ayeraco Beam
net.divinerpg.blocks.vanilla.container.tileentity.TileEntityAyeracoSpawn,AyeracoSpawn
net.divinerpg.blocks.vanilla.container.tileentity.TileEntityBoneChest,Bone Chest
net.divinerpg.blocks.vethea.container.tileentity.TileEntityDreamLamp,DreamLamp
net.divinerpg.blocks.vethea.container.tileentity.TileEntityInfusionTable,Infusion Table
net.divinerpg.client.render.block.TileEntityStatue,DivineRPGStatue
net.minecraft.block.BlockJukebox$TileEntityJukebox,RecordPlayer
net.minecraft.tileentity.TileEntityBeacon,Beacon
net.minecraft.tileentity.TileEntityBrewingStand,Cauldron
net.minecraft.tileentity.TileEntityChest,Chest
net.minecraft.tileentity.TileEntityCommandBlock,Control
net.minecraft.tileentity.TileEntityComparator,Comparator
net.minecraft.tileentity.TileEntityDaylightDetector,DLDetector
net.minecraft.tileentity.TileEntityDispenser,Trap
net.minecraft.tileentity.TileEntityDropper,Dropper
net.minecraft.tileentity.TileEntityEnchantmentTable,EnchantTable
net.minecraft.tileentity.TileEntityEndPortal,Airportal
net.minecraft.tileentity.TileEntityEnderChest,EnderChest
net.minecraft.tileentity.TileEntityFlowerPot,FlowerPot
net.minecraft.tileentity.TileEntityFurnace,Furnace
net.minecraft.tileentity.TileEntityHopper,Hopper
net.minecraft.tileentity.TileEntityMobSpawner,MobSpawner
net.minecraft.tileentity.TileEntityNote,Music
net.minecraft.tileentity.TileEntityPiston,Piston
net.minecraft.tileentity.TileEntitySign,Sign
net.minecraft.tileentity.TileEntitySkull,Skull
noppes.npcs.blocks.tiles.TileBanner,TileNPCBanner
noppes.npcs.blocks.tiles.TileBarrel,TileNPCBarrel
noppes.npcs.blocks.tiles.TileBeam,TileNPCBeam
noppes.npcs.blocks.tiles.TileBigSign,TileNPCBigSign
noppes.npcs.blocks.tiles.TileBlockAnvil,TileBlockAnvil
noppes.npcs.blocks.tiles.TileBook,TileNPCBook
noppes.npcs.blocks.tiles.TileBorder,TileNPCBorder
noppes.npcs.blocks.tiles.TileCampfire,TileNPCCampfire
noppes.npcs.blocks.tiles.TileCandle,TileNPCCandle
noppes.npcs.blocks.tiles.TileChair,TileNPCChair
noppes.npcs.blocks.tiles.TileCouchWood,TileNPCCouchWood
noppes.npcs.blocks.tiles.TileCouchWool,TileNPCCouchWool
noppes.npcs.blocks.tiles.TileCrate,TileNPCCrate
noppes.npcs.blocks.tiles.TileLamp,TileNPCLamp
noppes.npcs.blocks.tiles.TileMailbox,TileMailbox
noppes.npcs.blocks.tiles.TilePedestal,TileNPCPedestal
noppes.npcs.blocks.tiles.TileRedstoneBlock,TileRedstoneBlock
noppes.npcs.blocks.tiles.TileShelf,TileNPCShelf
noppes.npcs.blocks.tiles.TileSign,TileNPCSign
noppes.npcs.blocks.tiles.TileStool,TileNPCStool
noppes.npcs.blocks.tiles.TileTable,TileNPCTable
noppes.npcs.blocks.tiles.TileTallLamp,TileNPCTallLamp
noppes.npcs.blocks.tiles.TileTombstone,TileNPCTombstone
noppes.npcs.blocks.tiles.TileWallBanner,TileNPCWallBanner
noppes.npcs.blocks.tiles.TileWaypoint,TileWaypoint
noppes.npcs.blocks.tiles.TileWeaponRack,TileNPCWeaponRack
openblocks.common.tileentity.TileEntityAutoAnvil,openblocks_autoanvil
openblocks.common.tileentity.TileEntityAutoEnchantmentTable,openblocks_autoenchantmenttable
openblocks.common.tileentity.TileEntityBearTrap,openblocks_beartrap
openblocks.common.tileentity.TileEntityBigButton,openblocks_bigbutton
openblocks.common.tileentity.TileEntityBlockBreaker,openblocks_blockbreaker
openblocks.common.tileentity.TileEntityBlockPlacer,openblocks_blockPlacer
openblocks.common.tileentity.TileEntityBuilderGuide,openblocks_builder_guide
openblocks.common.tileentity.TileEntityCannon,openblocks_cannon
openblocks.common.tileentity.TileEntityCanvas,openblocks_canvasglass
openblocks.common.tileentity.TileEntityDonationStation,openblocks_donationStation
openblocks.common.tileentity.TileEntityDrawingTable,openblocks_drawingtable
openblocks.common.tileentity.TileEntityElevatorRotating,openblocks_elevator_rotating
openblocks.common.tileentity.TileEntityFan,openblocks_fan
openblocks.common.tileentity.TileEntityFlag,openblocks_flag
openblocks.common.tileentity.TileEntityGoldenEgg,openblocks_goldenegg
openblocks.common.tileentity.TileEntityGrave,openblocks_grave
openblocks.common.tileentity.TileEntityGuide,openblocks_guide
openblocks.common.tileentity.TileEntityHealBlock,openblocks_heal
openblocks.common.tileentity.TileEntityImaginary,openblocks_imaginary
openblocks.common.tileentity.TileEntityItemDropper,openblocks_itemDropper
openblocks.common.tileentity.TileEntityPaintCan,openblocks_paintcan
openblocks.common.tileentity.TileEntityPaintMixer,openblocks_paintmixer
openblocks.common.tileentity.TileEntityProjector,openblocks_projector
openblocks.common.tileentity.TileEntitySky,openblocks_sky
openblocks.common.tileentity.TileEntitySprinkler,openblocks_sprinkler
openblocks.common.tileentity.TileEntityTank,openblocks_tank
openblocks.common.tileentity.TileEntityTarget,openblocks_target
openblocks.common.tileentity.TileEntityTrophy,openblocks_trophy
openblocks.common.tileentity.TileEntityVacuumHopper,openblocks_vacuumhopper
openblocks.common.tileentity.TileEntityVillageHighlighter,openblocks_village_highlighter
openblocks.common.tileentity.TileEntityXPBottler,openblocks_xpbottler
openblocks.common.tileentity.TileEntityXPDrain,openblocks_xpdrain
openblocks.common.tileentity.TileEntityXPShower,openblocks_xpshower
org.dave.CompactMachines.tileentity.TileEntityInterface,interface
org.dave.CompactMachines.tileentity.TileEntityMachine,machine
powercrystals.minefactoryreloaded.tile.machine.TileEntityAutoAnvil,factoryAutoAnvil
powercrystals.minefactoryreloaded.tile.machine.TileEntityAutoBrewer,factoryAutoBrewer
powercrystals.minefactoryreloaded.tile.machine.TileEntityAutoDisenchanter,factoryAutoDisenchanter
powercrystals.minefactoryreloaded.tile.machine.TileEntityAutoEnchanter,factoryAutoEnchanter
powercrystals.minefactoryreloaded.tile.machine.TileEntityAutoJukebox,factoryAutoJukebox
powercrystals.minefactoryreloaded.tile.machine.TileEntityAutoSpawner,factoryAutoSpawner
powercrystals.minefactoryreloaded.tile.machine.TileEntityBioFuelGenerator,factoryBioFuelGenerator
powercrystals.minefactoryreloaded.tile.machine.TileEntityBioReactor,factoryBioReactor
powercrystals.minefactoryreloaded.tile.machine.TileEntityBlockBreaker,factoryBlockBreaker
powercrystals.minefactoryreloaded.tile.machine.TileEntityBlockPlacer,factoryBlockPlacer
powercrystals.minefactoryreloaded.tile.machine.TileEntityBlockSmasher,factoryBlockSmasher
powercrystals.minefactoryreloaded.tile.machine.TileEntityBreeder,factoryBreeder
powercrystals.minefactoryreloaded.tile.machine.TileEntityChronotyper,factoryChronotyper
powercrystals.minefactoryreloaded.tile.machine.TileEntityChunkLoader,factoryChunkLoader
powercrystals.minefactoryreloaded.tile.machine.TileEntityCollector,factoryItemCollector
powercrystals.minefactoryreloaded.tile.machine.TileEntityComposter,factoryComposter
powercrystals.minefactoryreloaded.tile.machine.TileEntityDeepStorageUnit,factoryDeepStorageUnit
powercrystals.minefactoryreloaded.tile.machine.TileEntityEjector,factoryEjector
powercrystals.minefactoryreloaded.tile.machine.TileEntityEnchantmentRouter,factoryEnchantmentRouter
powercrystals.minefactoryreloaded.tile.machine.TileEntityFertilizer,factoryFertilizer
powercrystals.minefactoryreloaded.tile.machine.TileEntityFisher,factoryFisher
powercrystals.minefactoryreloaded.tile.machine.TileEntityFountain,factoryFountain
powercrystals.minefactoryreloaded.tile.machine.TileEntityFruitPicker,factoryFruitPicker
powercrystals.minefactoryreloaded.tile.machine.TileEntityGrinder,factoryGrinder
powercrystals.minefactoryreloaded.tile.machine.TileEntityHarvester,factoryHarvester
powercrystals.minefactoryreloaded.tile.machine.TileEntityItemRouter,factoryItemRouter
powercrystals.minefactoryreloaded.tile.machine.TileEntityLaserDrill,factoryLaserDrill
powercrystals.minefactoryreloaded.tile.machine.TileEntityLaserDrillPrecharger,factoryLaserDrillPrecharger
powercrystals.minefactoryreloaded.tile.machine.TileEntityLavaFabricator,factoryLavaFabricator
powercrystals.minefactoryreloaded.tile.machine.TileEntityLiquiCrafter,factoryLiquiCrafter
powercrystals.minefactoryreloaded.tile.machine.TileEntityLiquidRouter,factoryLiquidRouter
powercrystals.minefactoryreloaded.tile.machine.TileEntityMeatPacker,factoryMeatPacker
powercrystals.minefactoryreloaded.tile.machine.TileEntityMobCounter,factoryMobCounter
powercrystals.minefactoryreloaded.tile.machine.TileEntityMobRouter,factoryMobRouter
powercrystals.minefactoryreloaded.tile.machine.TileEntityPlanter,factoryPlanter
powercrystals.minefactoryreloaded.tile.machine.TileEntityRancher,factoryRancher
powercrystals.minefactoryreloaded.tile.machine.TileEntityRedNote,factoryRedNote
powercrystals.minefactoryreloaded.tile.machine.TileEntitySewer,factorySewer
powercrystals.minefactoryreloaded.tile.machine.TileEntitySlaughterhouse,factorySlaughterhouse
powercrystals.minefactoryreloaded.tile.machine.TileEntitySludgeBoiler,factorySludgeBoiler
powercrystals.minefactoryreloaded.tile.machine.TileEntitySteamBoiler,factorySteamBoiler
powercrystals.minefactoryreloaded.tile.machine.TileEntitySteamTurbine,factorySteamTurbine
powercrystals.minefactoryreloaded.tile.machine.TileEntityUnifier,factoryUnifier
powercrystals.minefactoryreloaded.tile.machine.TileEntityVet,factoryVet
powercrystals.minefactoryreloaded.tile.machine.TileEntityWeather,factoryWeatherCollector
powercrystals.minefactoryreloaded.tile.rednet.TileEntityRedNetCable,factoryRedstoneCable
powercrystals.minefactoryreloaded.tile.rednet.TileEntityRedNetEnergy,factoryRedstoneCableEnergy
powercrystals.minefactoryreloaded.tile.rednet.TileEntityRedNetHistorian,factoryRednetHistorian
powercrystals.minefactoryreloaded.tile.rednet.TileEntityRedNetLogic,factoryRednetLogic
powercrystals.minefactoryreloaded.tile.tank.TileEntityTank,factoryTank
powercrystals.minefactoryreloaded.tile.transport.TileEntityConveyor,factoryConveyor
powercrystals.minefactoryreloaded.tile.transport.TileEntityPlasticPipe,factoryPlasticPipe
putils.common.tiles.TileEntityPowerConverter,Power Converter
ru.nanolive.denseneutroncollectors.tiles.TileDenseNeutronCollector,DenseNeutron
ru.nanolive.denseneutroncollectors.tiles.TileDenserNeutronCollector,DenserNeutron
ru.nanolive.denseneutroncollectors.tiles.TileDensestNeutronCollector,DensestNeutron
shedar.mods.ic2.nuclearcontrol.crossmod.RF.RFTileEntityAverageCounter,IC2NCAverageCounterRF
shedar.mods.ic2.nuclearcontrol.crossmod.RF.RFTileEntityEnergyCounter,IC2NCEnergyCounterRF
shedar.mods.ic2.nuclearcontrol.crossmod.appeng.TileEntityNetworkLink,networkLink
shedar.mods.ic2.nuclearcontrol.crossmod.bigreactors.TileEntityBlockFetcher,NC-BRinfoFetch
shedar.mods.ic2.nuclearcontrol.tileentities.TileEntityAdvancedInfoPanel,IC2NCAdvancedInfoPanel
shedar.mods.ic2.nuclearcontrol.tileentities.TileEntityAdvancedInfoPanelExtender,IC2NCAdvancedInfoPanelExtender
shedar.mods.ic2.nuclearcontrol.tileentities.TileEntityAverageCounter,IC2NCAverageCounter
shedar.mods.ic2.nuclearcontrol.tileentities.TileEntityEnergyCounter,IC2NCEnergyCounter
shedar.mods.ic2.nuclearcontrol.tileentities.TileEntityHowlerAlarm,IC2HowlerAlarm
shedar.mods.ic2.nuclearcontrol.tileentities.TileEntityIndustrialAlarm,IC2IndustrialAlarm
shedar.mods.ic2.nuclearcontrol.tileentities.TileEntityInfoPanel,IC2NCInfoPanel
shedar.mods.ic2.nuclearcontrol.tileentities.TileEntityInfoPanelExtender,IC2NCInfoPanelExtender
shedar.mods.ic2.nuclearcontrol.tileentities.TileEntityRangeTrigger,IC2NCRangeTrigger
shedar.mods.ic2.nuclearcontrol.tileentities.TileEntityRemoteThermo,IC2RemoteThermo
shedar.mods.ic2.nuclearcontrol.tileentities.TileEntityThermo,IC2Thermo
solarexpansion.tile.TileEntitySolarPanel,tileEntitySolarPanel
solarexpansion.tile.TileEntitySolarPanel$Advanced,tileEntitySolarPanelAdvanced
solarexpansion.tile.TileEntitySolarPanel$Hardened,tileEntitySolarPanelHardened
solarexpansion.tile.TileEntitySolarPanel$Leadstone,tileEntitySolarPanelLeadstone
solarexpansion.tile.TileEntitySolarPanel$Redstone,tileEntitySolarPanelRedstone
solarexpansion.tile.TileEntitySolarPanel$Resonant,tileEntitySolarPanelResonant
solarexpansion.tile.TileEntitySolarPanel$Ultimate,tileEntitySolarPanelUltimate
taintedmagic.common.blocks.tile.TileEntityLumos,TileEntityLumos
tconstruct.blocks.logic.DryingRackLogic,Armor.DryingRack
tconstruct.mechworks.logic.TileEntityLandmine,Landmine
tconstruct.smeltery.logic.CastingBasinLogic,CastingBasin
tconstruct.smeltery.logic.CastingChannelLogic,CastingChannel
tconstruct.smeltery.logic.CastingTableLogic,CastingTable
tconstruct.smeltery.logic.FaucetLogic,Faucet
tconstruct.smeltery.logic.LavaTankLogic,TConstruct.LavaTank
tconstruct.smeltery.logic.SmelteryDrainLogic,TConstruct.SmelteryDrain
tconstruct.smeltery.logic.SmelteryLogic,TConstruct.Smeltery
tconstruct.tools.logic.BattlesignLogic,BattlesignLogic
tconstruct.tools.logic.CraftingStationLogic,CraftingStation
tconstruct.tools.logic.FrypanLogic,FrypanLogic
tconstruct.tools.logic.FurnaceLogic,TConstruct.Furnace
tconstruct.tools.logic.PartBuilderLogic,PartCrafter
tconstruct.tools.logic.PatternChestLogic,PatternHolder
tconstruct.tools.logic.StencilTableLogic,PatternShaper
tconstruct.tools.logic.ToolForgeLogic,ToolForge
tconstruct.tools.logic.ToolStationLogic,ToolStation
team.chisel.block.tileentity.TileEntityAutoChisel,autoChisel
team.chisel.block.tileentity.TileEntityCarvableBeacon,tile.chisel.beacon
team.chisel.block.tileentity.TileEntityPresent,tile.chisel.present
thaumcraft.common.tiles.TileAlchemyFurnace,TileAlchemyFurnace
thaumcraft.common.tiles.TileAlchemyFurnaceAdvanced,TileAlchemyFurnaceAdvanced
thaumcraft.common.tiles.TileAlchemyFurnaceAdvancedNozzle,TileAlchemyFurnaceAdvancedNozzle
thaumcraft.common.tiles.TileAlembic,TileSiphon
thaumcraft.common.tiles.TileArcaneBore,TileArcaneBore
thaumcraft.common.tiles.TileArcaneBoreBase,TileArcaneBoreBase
thaumcraft.common.tiles.TileArcaneFurnace,TileArcaneFurnace
thaumcraft.common.tiles.TileArcaneFurnaceNozzle,TileArcaneFurnaceNozzle
thaumcraft.common.tiles.TileArcaneLamp,TileArcaneLamp
thaumcraft.common.tiles.TileArcaneLampFertility,TileArcaneLampFertility
thaumcraft.common.tiles.TileArcaneLampGrowth,TileArcaneLampGrowth
thaumcraft.common.tiles.TileArcanePressurePlate,TileArcanePressurePlate
thaumcraft.common.tiles.TileArcaneWorkbench,TileArcaneWorkbench
thaumcraft.common.tiles.TileBanner,TileBanner
thaumcraft.common.tiles.TileBellows,TileBellows
thaumcraft.common.tiles.TileBrainbox,TileBrainbox
thaumcraft.common.tiles.TileCentrifuge,TileCentrifuge
thaumcraft.common.tiles.TileChestHungry,TileChestHungry
thaumcraft.common.tiles.TileCrucible,TileCrucible
thaumcraft.common.tiles.TileCrystal,TileCrystal
thaumcraft.common.tiles.TileDeconstructionTable,TileDeconstructionTable
thaumcraft.common.tiles.TileEldritchAltar,TileEldritchAltar
thaumcraft.common.tiles.TileEldritchCap,TileEldritchCap
thaumcraft.common.tiles.TileEldritchCrabSpawner,TileEldritchCrabSpawner
thaumcraft.common.tiles.TileEldritchCrystal,TileEldritchCrystal
thaumcraft.common.tiles.TileEldritchLock,TileEldritchLock
thaumcraft.common.tiles.TileEldritchNothing,TileEldritchNothing
thaumcraft.common.tiles.TileEldritchObelisk,TileEldritchObelisk
thaumcraft.common.tiles.TileEldritchPortal,TileEldritchPortal
thaumcraft.common.tiles.TileEldritchTrap,TileEldritchTrap
thaumcraft.common.tiles.TileEssentiaCrystalizer,TileEssentiaCrystalizer
thaumcraft.common.tiles.TileEssentiaReservoir,TileEssentiaReservoir
thaumcraft.common.tiles.TileEtherealBloom,TilePurifyTotem
thaumcraft.common.tiles.TileFluxScrubber,TileFluxScrubber
thaumcraft.common.tiles.TileFocalManipulator,TileFocalManipulator
thaumcraft.common.tiles.TileGrate,TileGrate
thaumcraft.common.tiles.TileHole,TileHole
thaumcraft.common.tiles.TileInfusionMatrix,TileInfusionStone
thaumcraft.common.tiles.TileInfusionPillar,TileInfusionPillar
thaumcraft.common.tiles.TileJarBrain,TileJarBrain
thaumcraft.common.tiles.TileJarFillable,TileJar
thaumcraft.common.tiles.TileJarFillableVoid,TileJarVoid
thaumcraft.common.tiles.TileJarNode,TileJarNode
thaumcraft.common.tiles.TileLifter,TileLifter
thaumcraft.common.tiles.TileMagicBox,TileMagicBox
thaumcraft.common.tiles.TileMagicWorkbenchCharger,TileMagicWorkbenchCharger
thaumcraft.common.tiles.TileManaPod,TileManaPod
thaumcraft.common.tiles.TileMirror,TileMirror
thaumcraft.common.tiles.TileMirrorEssentia,TileMirrorEssentia
thaumcraft.common.tiles.TileNitor,TileNitor
thaumcraft.common.tiles.TileNode,TileNode
thaumcraft.common.tiles.TileNodeConverter,TileNodeConverter
thaumcraft.common.tiles.TileNodeEnergized,TileNodeEnergized
thaumcraft.common.tiles.TileNodeStabilizer,TileNodeStabilizer
thaumcraft.common.tiles.TileOwned,TileOwned
thaumcraft.common.tiles.TilePedestal,TilePedestal
thaumcraft.common.tiles.TileResearchTable,TileResearchTable
thaumcraft.common.tiles.TileSensor,TileSensor
thaumcraft.common.tiles.TileSpa,TileSpa
thaumcraft.common.tiles.TileTable,TileTable
thaumcraft.common.tiles.TileThaumatorium,TileThaumatorium
thaumcraft.common.tiles.TileThaumatoriumTop,TileThaumatoriumTop
thaumcraft.common.tiles.TileTube,TileTube
thaumcraft.common.tiles.TileTubeBuffer,TileTubeBuffer
thaumcraft.common.tiles.TileTubeFilter,TileTubeFilter
thaumcraft.common.tiles.TileTubeOneway,TileTubeOneway
thaumcraft.common.tiles.TileTubeRestrict,TileTubeRestrict
thaumcraft.common.tiles.TileTubeValve,TileTubeValve
thaumcraft.common.tiles.TileVisRelay,TileVisRelay
thaumcraft.common.tiles.TileWandPedestal,TileWandPedestal
thaumcraft.common.tiles.TileWarded,TileWarded
thaumcraft.common.tiles.TileWardingStone,TileWardingStone
thaumcraft.common.tiles.TileWardingStoneFence,TileWardingStoneFence
thaumic.tinkerer.common.block.tile.TileAspectAnalyzer,ttinkerer:aspectAnalyzer
thaumic.tinkerer.common.block.tile.TileCamo,ttinkerer:platform
thaumic.tinkerer.common.block.tile.TileEnchanter,ttinkerer:enchanter
thaumic.tinkerer.common.block.tile.TileEntityMobilizer,ttinkerer:Levitational Locomotive
thaumic.tinkerer.common.block.tile.TileEntityRelay,ttinkerer:Levitational Locomotive Relay
thaumic.tinkerer.common.block.tile.TileFunnel,ttinkerer:funnel
thaumic.tinkerer.common.block.tile.TileGolemConnector,ttinkerer:golemConnector
thaumic.tinkerer.common.block.tile.TileInfusedFarmland,ttinkerer:infusedFarmland
thaumic.tinkerer.common.block.tile.TileInfusedGrain,ttinkerer:infusedGrainBlock
thaumic.tinkerer.common.block.tile.TileMagnet,ttinkerer:magnet
thaumic.tinkerer.common.block.tile.TileMobMagnet,mobMagnet
thaumic.tinkerer.common.block.tile.TileRepairer,ttinkerer:repairer
thaumic.tinkerer.common.block.tile.TileSummon,ttinkerer:spawner
thaumic.tinkerer.common.block.tile.TileWardedSlab,ttinkerer:wardSlabFull
thaumic.tinkerer.common.block.tile.kami.TileBedrockPortal,ttinkerer:bedrockPortal
thaumic.tinkerer.common.block.tile.kami.TileWarpGate,ttinkerer:warpGate
thaumic.tinkerer.common.block.tile.tablet.TileAnimationTablet,ttinkerer:animationTablet
thaumic.tinkerer.common.block.tile.transvector.TileTransvectorDislocator,ttinkerer:dislocator
thaumic.tinkerer.common.block.tile.transvector.TileTransvectorInterface,ttinkerer:interface
thaumicenergistics.common.tiles.TileArcaneAssembler,thaumicenergistics.TileArcaneAssembler
thaumicenergistics.common.tiles.TileDistillationPatternEncoder,thaumicenergistics.TileDistillationInscriber
thaumicenergistics.common.tiles.TileEssentiaCellWorkbench,thaumicenergistics.TileEssentiaCellWorkbench
thaumicenergistics.common.tiles.TileEssentiaProvider,thaumicenergistics.TileEssentiaProvider
thaumicenergistics.common.tiles.TileEssentiaVibrationChamber,thaumicenergistics.TileEssentiaVibrationChamber
thaumicenergistics.common.tiles.TileGearBox,thaumicenergistics.TileGearBox
thaumicenergistics.common.tiles.TileInfusionProvider,thaumicenergistics.TileInfusionProvider
thaumicenergistics.common.tiles.TileKnowledgeInscriber,thaumicenergistics.TileKnowledgeInscriber
travellersgear.common.blocks.TileEntityArmorStand,TravellersGear.ArmorStand
tuhljin.automagy.tiles.TileEntityAmnesiacStone,tileEntityAmnesiacStone
tuhljin.automagy.tiles.TileEntityBoiler,tileEntityBoiler
tuhljin.automagy.tiles.TileEntityDimensionLure,tileEntityDimensionLure
tuhljin.automagy.tiles.TileEntityEagerChest,tileEntityEagerChest
tuhljin.automagy.tiles.TileEntityEntitySignal,tileEntityEntitySignal
tuhljin.automagy.tiles.TileEntityEssentiaLocus,tileEntityEssentiaLocus
tuhljin.automagy.tiles.TileEntityGolemInhibitor,tileEntityGolemInhibitor
tuhljin.automagy.tiles.TileEntityGolemTaskmaster,tileEntityGolemTaskmaster
tuhljin.automagy.tiles.TileEntityGolemWorkbench,tileEntityGolemWorkbench
tuhljin.automagy.tiles.TileEntityGreedyChest,tileEntityGreedyChest
tuhljin.automagy.tiles.TileEntityHourglass,tileEntityHourglass
tuhljin.automagy.tiles.TileEntityHourglassMagic,tileEntityHourglassMagic
tuhljin.automagy.tiles.TileEntityInventarium,tileEntityInventarium
tuhljin.automagy.tiles.TileEntityJarCreative,tileEntityCreativeJar
tuhljin.automagy.tiles.TileEntityJarXP,tileEntityXPJar
tuhljin.automagy.tiles.TileEntityMawFinical,tileEntityFinicalMaw
tuhljin.automagy.tiles.TileEntityMawHungry,tileEntityHungryMaw
tuhljin.automagy.tiles.TileEntityMirrorInput,tileEntityMirrorInput
tuhljin.automagy.tiles.TileEntityMirrorMultiDest,tileEntityMirrorMultiDest
tuhljin.automagy.tiles.TileEntityMobLure,tileEntityMobLure
tuhljin.automagy.tiles.TileEntityNethermind,tileEntityNethermind
tuhljin.automagy.tiles.TileEntityRedcrystal,tileEntityRedcrystal
tuhljin.automagy.tiles.TileEntityRedcrystalMerc,tileEntityRedcrystalMerc
tuhljin.automagy.tiles.TileEntityRemoteComparator,tileEntityRemoteComparator
tuhljin.automagy.tiles.TileEntityRequisitionTome,tileEntityRequisitionTome
tuhljin.automagy.tiles.TileEntityScribePointer,tileEntityScribePointer
tuhljin.automagy.tiles.TileEntitySpecialProcess,tileEntitySpecialProcess
tuhljin.automagy.tiles.TileEntityTally,tileEntityTally
tuhljin.automagy.tiles.TileEntityTallyDrops,tileEntityTallyBlock
tuhljin.automagy.tiles.TileEntityTallyWorld,tileEntityTallyWorld
tuhljin.automagy.tiles.TileEntityTenaciousChest,tileEntityTenaciousChest
tuhljin.automagy.tiles.TileEntityThaumostaticController,tileEntityThaumostaticController
tuhljin.automagy.tiles.TileEntityThaumostaticPylon,tileEntityThaumostaticPylon
tuhljin.automagy.tiles.TileEntityThaumostaticRefuelerSpire,tileEntityThaumostaticRefuelerSpire
tuhljin.automagy.tiles.TileEntityThirstyTank,tileEntityThirstyTank
tuhljin.automagy.tiles.TileEntityTorchInversion,tileEntityTorchInversion
tuhljin.automagy.tiles.TileEntityUnseenScribe,tileEntityUnseenScribe
tuhljin.automagy.tiles.TileEntityVisReader,tileEntityVisReader
tuhljin.automagy.tiles.TileEntityXPStone,tileEntityXPStone
twilightforest.tileentity.TileEntityTFCReactorActive,Active Carminite Reactor
twilightforest.tileentity.TileEntityTFCicada,Cicada
twilightforest.tileentity.TileEntityTFCinderFurnace,Cinder Furnace
twilightforest.tileentity.TileEntityTFFirefly,Firefly
twilightforest.tileentity.TileEntityTFFlameJet,Lit Flame Jet
twilightforest.tileentity.TileEntityTFGhastTrapActive,Active Ghast Trap
twilightforest.tileentity.TileEntityTFGhastTrapInactive,Inactive Ghast Trap
twilightforest.tileentity.TileEntityTFHydraSpawner,Hydra Spawner
twilightforest.tileentity.TileEntityTFKnightPhantomsSpawner,Knight Phantom Spawner
twilightforest.tileentity.TileEntityTFLichSpawner,Lich Spawner
twilightforest.tileentity.TileEntityTFMoonworm,Moonworm
twilightforest.tileentity.TileEntityTFNagaSpawner,Naga Spawner
twilightforest.tileentity.TileEntityTFPoppingJet,Popping Flame Jet
twilightforest.tileentity.TileEntityTFReverter,Tower Reverter
twilightforest.tileentity.TileEntityTFSmoker,Swamp Smoker
twilightforest.tileentity.TileEntityTFSnowQueenSpawner,Snow Queen Spawner
twilightforest.tileentity.TileEntityTFTowerBossSpawner,Tower Boss Spawner
twilightforest.tileentity.TileEntityTFTowerBuilder,Tower Builder
twilightforest.tileentity.TileEntityTFTrophy,TF Trophy
vazkii.botania.common.block.tile.TileAlfPortal,botania:alfheimPortal
vazkii.botania.common.block.tile.TileAltar,botania:altar
vazkii.botania.common.block.tile.TileAvatar,botania:avatar
vazkii.botania.common.block.tile.TileBifrost,botania:bifrost
vazkii.botania.common.block.tile.TileBrewery,botania:brewery
vazkii.botania.common.block.tile.TileCacophonium,botania:cacophoniumBlock
vazkii.botania.common.block.tile.TileCell,botania:cellBlock
vazkii.botania.common.block.tile.TileCocoon,botania:cocoon
vazkii.botania.common.block.tile.TileCraftCrate,botania:craftCrate
vazkii.botania.common.block.tile.TileEnchanter,botania:enchanter
vazkii.botania.common.block.tile.TileEnderEye,botania:enderEyeBlock
vazkii.botania.common.block.tile.TileFakeAir,botania:fakeAir
vazkii.botania.common.block.tile.TileFloatingFlower,botania:miniIsland
vazkii.botania.common.block.tile.TileFloatingSpecialFlower,botania:floatingSpecialFlower
vazkii.botania.common.block.tile.TileForestEye,botania:forestEye
vazkii.botania.common.block.tile.TileGaiaHead,botania:gaiaHeadBlock
vazkii.botania.common.block.tile.TileHourglass,botania:hourglass
vazkii.botania.common.block.tile.TileIncensePlate,botania:incensePlate
vazkii.botania.common.block.tile.TileLightRelay,botania:lightRelay
vazkii.botania.common.block.tile.TileManaBeacon,botania:manaBeacon
vazkii.botania.common.block.tile.TileManaFlame,botania:manaFlame
vazkii.botania.common.block.tile.TileOpenCrate,botania:openCrate
vazkii.botania.common.block.tile.TilePlatform,botania:platform
vazkii.botania.common.block.tile.TilePylon,botania:pylon
vazkii.botania.common.block.tile.TileRuneAltar,botania:runeAltar
vazkii.botania.common.block.tile.TileSparkChanger,botania:sparkChanger
vazkii.botania.common.block.tile.TileSpawnerClaw,botania:spawnerClaw
vazkii.botania.common.block.tile.TileSpecialFlower,botania:specialFlower
vazkii.botania.common.block.tile.TileStarfield,botania:starfield
vazkii.botania.common.block.tile.TileTerraPlate,botania:terraPlate
vazkii.botania.common.block.tile.TileTeruTeruBozu,botania:teruTeruBozu
vazkii.botania.common.block.tile.TileTinyPlanet,botania:tinyPlanetBlock
vazkii.botania.common.block.tile.TileTinyPotato,botania:tinyPotato
vazkii.botania.common.block.tile.corporea.TileCorporeaCrystalCube,botania:corporeaCrystalCube
vazkii.botania.common.block.tile.corporea.TileCorporeaFunnel,botania:corporeaFunnel
vazkii.botania.common.block.tile.corporea.TileCorporeaIndex,botania:corporeaIndex
vazkii.botania.common.block.tile.corporea.TileCorporeaInterceptor,botania:corporeaInterceptor
vazkii.botania.common.block.tile.corporea.TileCorporeaRetainer,botania:corporeaRetainer
vazkii.botania.common.block.tile.mana.TileBellows,botania:bellows
vazkii.botania.common.block.tile.mana.TileDistributor,botania:distributor
vazkii.botania.common.block.tile.mana.TileManaDetector,botania:manaDetector
vazkii.botania.common.block.tile.mana.TileManaVoid,botania:manaVoid
vazkii.botania.common.block.tile.mana.TilePool,botania:pool
vazkii.botania.common.block.tile.mana.TilePrism,botania:prism
vazkii.botania.common.block.tile.mana.TilePump,botania:pump
vazkii.botania.common.block.tile.mana.TileRFGenerator,botania:rfGenerator
vazkii.botania.common.block.tile.mana.TileSpreader,botania:spreader
vazkii.botania.common.block.tile.mana.TileTurntable,botania:turntable
vazkii.botania.common.block.tile.string.TileRedStringComparator,botania:redStringComparator
vazkii.botania.common.block.tile.string.TileRedStringContainer,botania:redStringContainer
vazkii.botania.common.block.tile.string.TileRedStringDispenser,botania:redStringDispenser
vazkii.botania.common.block.tile.string.TileRedStringFertilizer,botania:redStringFertilizer
vazkii.botania.common.block.tile.string.TileRedStringInterceptor,botania:redStringInterceptor
vazkii.botania.common.block.tile.string.TileRedStringRelay,botania:redStringRelay
wanion.avaritiaddons.block.chest.compressed.TileEntityCompressedChest,Avaritiaddons:CompressedChest
wanion.avaritiaddons.block.chest.infinity.TileEntityInfinityChest,Avaritiaddons:InfinityChest
wanion.avaritiaddons.block.extremeautocrafter.TileEntityExtremeAutoCrafter,Avaritiaddons:ExtremeAutoCrafter
xbony2.afsu.tileentity.TileEntityAFSU,AFSU
